/*
SQLyog Ultimate v11.33 (64 bit)
MySQL - 5.7.22-log : Database - shiro_db
*********************************************************************
*/

/*!40101 SET NAMES utf8 */;

/*!40101 SET SQL_MODE=''*/;

/*!40014 SET @OLD_UNIQUE_CHECKS=@@UNIQUE_CHECKS, UNIQUE_CHECKS=0 */;
/*!40014 SET @OLD_FOREIGN_KEY_CHECKS=@@FOREIGN_KEY_CHECKS, FOREIGN_KEY_CHECKS=0 */;
/*!40101 SET @OLD_SQL_MODE=@@SQL_MODE, SQL_MODE='NO_AUTO_VALUE_ON_ZERO' */;
/*!40111 SET @OLD_SQL_NOTES=@@SQL_NOTES, SQL_NOTES=0 */;
CREATE DATABASE /*!32312 IF NOT EXISTS*/`shiro_db` /*!40100 DEFAULT CHARACTER SET utf8mb4 */;

USE `shiro_db`;

/*Table structure for table `auth_resource` */

DROP TABLE IF EXISTS `auth_resource`;

CREATE TABLE `auth_resource` (
  `ID` int(11) unsigned NOT NULL AUTO_INCREMENT COMMENT '资源ID',
  `CODE` varchar(50) NOT NULL COMMENT '资源编码-权限字符 例如 后台用户添加 system:user:add',
  `NAME` varchar(30) NOT NULL COMMENT '资源描述、菜单名称 比如 风控管理-风控管理列表  添加风控设置',
  `PARENT_ID` int(11) NOT NULL COMMENT '父资源编码->菜单',
  `path` varchar(100) DEFAULT NULL COMMENT '访问地址URL',
  `TYPE` tinyint(4) NOT NULL COMMENT '类型 1-菜单menu 2-资源 element(rest-api) 3-菜单目录 4-api分类',
  `METHOD` varchar(10) DEFAULT NULL COMMENT '访问方式 GET POST PUT DELETE PATCH',
  `ICON` varchar(100) DEFAULT NULL COMMENT '图标',
  `order_num` int(11) DEFAULT NULL COMMENT '排序顺序',
  PRIMARY KEY (`ID`) USING BTREE,
  UNIQUE KEY `auth_resource_CODE_uindex` (`CODE`) USING BTREE
) ENGINE=InnoDB AUTO_INCREMENT=25201 DEFAULT CHARSET=utf8mb4 COMMENT='资源信息表(菜单,资源),此表所有子站及主站共享';

/*Data for the table `auth_resource` */

insert  into `auth_resource`(`ID`,`CODE`,`NAME`,`PARENT_ID`,`path`,`TYPE`,`METHOD`,`ICON`,`order_num`) values (1000,'index','首页',-1,'/home-page/index',1,'GET','home',1),(1100,'index:index','首页接口（空接口）',1000,'/home-page/index',2,'GET',NULL,NULL),(2000,'oper:stat','运营统计',-1,'/operation-statistics/total-report/list',3,NULL,'operation-statistics',1),(2100,'oper:stat:total:report','总报表',2000,'/operation-statistics/total-report/list',1,'GET','total-report',1),(2110,'oper:stat:total:report:list','总报表列表',2100,'/statAll/*',2,'GET',NULL,NULL),(2200,'oper:stat:user:report','用户报表',2000,'/operation-statistics/user-report/list',1,'GET','user-report',2),(2210,'oper:stat:user:report:list','用户报表列表',2200,'/statUser/queryStatUser',2,'POST',NULL,NULL),(2211,'oper:stat:user:report:list:export','用户报表列表导出',2210,'/statUser/queryStatUserExport',2,'GET',NULL,NULL),(2300,'oper:stat:game:stat','游戏统计',2000,'/operation-statistics/game-statistics/list',1,'GET','game-statistics',3),(2310,'oper:stat:game:stat:list','游戏统计列表',2300,'/statgame/queryStatGame',2,'POST',NULL,NULL),(2311,'oper:stat:game:stat:export','导出游戏报表',2310,'/statgame/exportExcel',2,'GET',NULL,NULL),(2400,'oper:stat:inst:panel','即时面板',2000,'/operation-statistics/Instant-panel/list',1,'GET','Instant-panel',4),(2410,'oper:stat:inst:panel:list','即时面板列表',2400,'/panel/data',2,'GET',NULL,NULL),(2500,'oper:stat:channel:stat','渠道统计',2000,'/operation-statistics/channel-statistics/list',1,'GET','channel-statistics',5),(2510,'oper:stat:channel:stat:list','渠道统计列表',2500,'/statchannel/queryStatChannel',2,'POST',NULL,NULL),(2520,'oper:stat:channel:stat:export','导出渠道统计报表',2500,'/statchannel/exportExcel',2,'GET',NULL,NULL),(2600,'oper:stat:deposits:stat','出入款统计',2000,'/operation-statistics/deposits-statustics/list',1,'GET','deposits-statustics',6),(2610,'oper:stat:deposits:stat:list','出入款统计列表',2600,'/statis/channel/trade',2,'GET',NULL,NULL),(2700,'oper:stat:channel:game','渠道游戏统计',2000,'/operation-statistics/channel-game-statistics/list',1,'GET','channel-game-statistics',7),(2710,'oper:stat:channel:game:list','渠道游戏统计列表',2700,'/statis/channel/game/type',2,'GET',NULL,NULL),(2800,'oper:stat:hot:game','游戏热度排行榜',2000,'/operation-statistics/hot-game/list',1,'GET','hot-game',8),(2810,'oper:stat:hot:game:list','游戏热度排行榜列表',2800,'/hot/game',2,'GET',NULL,NULL),(2900,'oper:stat:payment:stat','支付通道订单',2000,'/operation-statistics/statistics-payment/list',1,'GET','statistics-payment',9),(2910,'oper:stat:payment:stat:list','支付通道订单列表',2900,'/statis/payment/order',2,'GET',NULL,NULL),(2950,'oper:stat:player:activity','玩家活跃排行榜',2000,'/operation-statistics/player-active/list',1,'GET','player-active',10),(2951,'oper:stat:player:activity:list:balance','余额排行榜',2950,'/sort/balance',2,'GET',NULL,NULL),(2952,'oper:stat:player:activity:list:water','用户流水排行榜',2950,'/sort/water',2,'GET',NULL,NULL),(2953,'oper:stat:player:activity:list:profit','用户盈利排行榜',2950,'/sort/profit',2,'GET',NULL,NULL),(3000,'user:mgr','用户管理',-1,'/user-manage/userList-record/list',3,NULL,'user-set',3),(3100,'user:mgr:user','用户管理',3000,'/user-manage/userList-record/list',1,'GET','user-list',1),(3110,'user:mgr:user:list','查询用户列表',3100,'/game/user/users',2,'POST',NULL,NULL),(3111,'user:mgr:user:resetsafe','用户保险箱密码',3110,'/game/user/resetSafePwd/*',2,'POST',NULL,NULL),(3112,'user:mgr:user:detail','查询用户详情',3110,'/gameuser/*',2,'GET',NULL,NULL),(3113,'user:mgr:user:sysnc','用户同步',3110,'/game/user/syncUserInfo',2,'GET',NULL,NULL),(3114,'user:mgr:user:freeze','冻结',3110,'/game/user/updateStatus',2,'GET',NULL,NULL),(3115,'user:mgr:user:black','拉黑',3110,'/black/add',2,'POST',NULL,NULL),(3116,'user:mgr:user:kick:off','下线',3110,'/game/user/kickOff/*',2,'POST',NULL,NULL),(3117,'user:mgr:user:reset:sign','重置钱包签名',3110,'/game/user/resetSign/*',2,'GET',NULL,NULL),(3118,'user:mgr:select:username','用户名查看权限',3110,'/game/user/select/username',2,'GET',NULL,NULL),(3200,'user:mgr:account','帐变记录',3000,'/user-manage/accountChange-record/list',1,'GET','coin',3),(3210,'user:mgr:account:list','账变记录列表',3200,'/acount/getChangeInfo',2,'POST',NULL,NULL),(3300,'user:mgr:userlevel','用户等级管理',3000,'/user-manage/user-grade/list',1,'POST','grade',2),(3310,'user:mgr:userlevel:list','用户等级管理列表',3300,'/userlevel/queryUserLevelConfList',2,'POST',NULL,NULL),(3320,'user:mgr:userlevel:add','用户等级新增',3300,'/userlevel/insert',2,'POST',NULL,NULL),(3330,'user:mgr:userlevel:update','用户等级修改',3300,'/userlevel/update',2,'POST',NULL,NULL),(3340,'user:mgr:userlevel:detail','用户等级详情',3300,'/userlevel/detail/*',2,'GET',NULL,NULL),(3400,'user:mgr:user:loginInfo','登入日志',3000,'/operation-manage/logon-diary/list',1,'GET','logon-diary',4),(3410,'user:mgr:user:loginInfo:list','登入日志列表',3400,'/game/user/getUserLoginLog',2,'GET','',NULL),(3600,'user:mgr:user:wallet','钱包中心',3000,'/operation-manage/wallet-center/list',1,'GET','walletCenter',6),(3610,'user:mgr:user:wallet:list','钱包列表',3600,'/game/user/tradeWalletList',2,'GET',NULL,NULL),(4000,'oper:mgr','运营管理',-1,'/operation-manage/smscode-manage/list',3,NULL,'operation-manage',2),(4100,'oper:mgr:sms','验证码管理',4000,'/operation-manage/smscode-manage/list',1,'GET','verification-code',1),(4110,'oper:mgr:sms:list','验证码列表',4100,'/smscode/querySmsCodeRecord',2,'POST',NULL,NULL),(4200,'oper:mgr:bank','银行卡管理',4000,'/operation-manage/bank-manage/list',1,'GET','bank-manage',2),(4210,'oper:mgr:bank:list','银行列表',4200,'/bank/queryBankInfo',2,'POST',NULL,NULL),(4220,'oper:mgr:bank:updateStatus','银行卡状态修改',4200,'/bank/updateStatus',2,'POST',NULL,NULL),(4230,'oper:mgr:bank:insert','新增银行信息',4000,'/bank/insert',2,'POST',NULL,NULL),(4240,'oper:mgr:bank:update','修改银行信息',4000,'/bank/update',2,'POST',NULL,NULL),(4250,'oper:mgr:bank:delete','删除银行信息',4000,'/bank/delete/*',2,'DELETE',NULL,NULL),(4300,'oper:mgr:mail','邮件管理',4000,'/operation-manage/mail-manage/list',1,'GET','mail-manage',3),(4310,'oper:mgr:mail:list','邮件列表',4300,'/opmail/queryOpMail',2,'POST',NULL,NULL),(4320,'oper:mgr:mail:add','添加邮件',4300,'/opmail/add',2,'POST',NULL,NULL),(4330,'oper:mgr:mail:update','编辑邮件',4300,'/opmail/update',2,'POST',NULL,NULL),(4340,'oper:mgr:mail:delete','删除邮件',4300,'/opmail/delete/*',2,'DELETE',NULL,NULL),(4400,'oper:mgr:bulletin','公告管理',4000,'/operation-manage/bulletin-manage/list',1,'GET','bulletin-manage',4),(4410,'oper:mgr:bulletin:list','公告列表',4400,'/opreport/queryOpReport',2,'POST',NULL,NULL),(4420,'oper:mgr:bulletin:add','添加公告',4400,'/opreport/add',2,'POST',NULL,NULL),(4430,'oper:mgr:bulletin:update','编辑公告',4400,'/opreport/update',2,'PUT',NULL,NULL),(4440,'oper:mgr:bulletin:delete','删除公告',4400,'/opreport/delete/*',2,'DELETE',NULL,NULL),(4500,'oper:mgr:blacklist','黑名单管理',3000,'/operation-manage/blacklist-manage/list',1,'GET','blacklist-manage',5),(4510,'oper:mgr:blacklist:list','黑名单列表',4500,'/black/queryBlackInfo',2,'POST',NULL,NULL),(4520,'oper:mgr:blacklist:add','添加黑名单',4500,'/black/add',2,'POST',NULL,NULL),(4530,'oper:mgr:blacklist:update','编辑黑名单',4500,'/black/update',2,'POST',NULL,NULL),(4540,'oper:mgr:blacklist:delete','删除黑名单',4500,'/balck/delete/*',2,'DELETE',NULL,NULL),(4550,'oper:msg:temp','消息模板',4000,'/operation-manage/mes-template/list',1,'GET','mesTemplate',5),(4551,'oper:msg:temp:list','消息模板列表',4550,'/message/template/msgTemplateList',2,'GET',NULL,NULL),(4552,'oper:msg:temp:update','消息模板修改',4550,'/message/template/updateMsgTemplate',2,'POST',NULL,NULL),(4600,'oper:mgr:whitelist','白名单管理',4000,'/operation-manage/whitelist-manage/list',1,'GET','whitelist-manage',6),(4610,'oper:mgr:whitelist:list','白名单列表',4600,'/white/queryWhiteInfo',2,'POST',NULL,NULL),(4620,'oper:mgr:whitelist:add','添加白名单',4600,'/white/add',2,'POST',NULL,NULL),(4630,'oper:mgr:whitelist:update','编辑白名单',4600,'/white/update',2,'POST',NULL,NULL),(4640,'oper:mgr:whitelist:delete','删除白名单',4600,'/white/delete/*',2,'DELETE',NULL,NULL),(4700,'oper:mgr:marquee','跑马灯管理',4000,'/operation-manage/horseRaceLamp-manage/list',1,'GET','horseRaceLamp-manage',7),(4710,'oper:mgr:marquee:list','跑马灯列表',4700,'/opreport/queryOpReport',2,'POST',NULL,NULL),(4720,'oper:mgr:marquee:add','添加跑马灯',4700,'/opreport/add',2,'POST',NULL,NULL),(4730,'oper:mgr:marquee:update','编辑跑马灯',4700,'/opreport/update',2,'POST',NULL,NULL),(4740,'oper:mgr:marquee:delete','删除跑马灯',4700,'/opreport/delete/*',2,'DELETE',NULL,NULL),(4800,'oper:mgr:scroll','滚动图管理',4000,'/operation-manage/scrollingMap-manage/list',1,'GET','scrollingMap-manage',8),(4810,'oper:mgr:scroll:list','滚动图列表',4800,'/oprollad/queryOpRollAd',2,'POST',NULL,NULL),(4820,'oper:mgr:scroll:add','添加滚动图',4800,'/oprollad/add',2,'POST',NULL,NULL),(4830,'oper:mgr:scroll:update','编辑滚动图',4800,'/oprollad/update',2,'POST',NULL,NULL),(4840,'oper:mgr:scroll:delete','删除滚动图',4800,'/oprollad/*',2,'DELETE',NULL,NULL),(4850,'oper:mgr:feed_back','玩家意见反馈',4000,'/operation-manage/feed-back/list',1,'GET','feed-back',8),(4851,'oper:mgr:feed_back:list','意见反馈列表',4850,'/suggest/page',2,'GET',NULL,NULL),(4852,'oper:mgr:feed_back:delete','意见反馈删除',4850,'/suggest/*',2,'GET',NULL,NULL),(4853,'oper:mgr:feed_back:reply','意见反馈回复',4850,'/suggest/reply',2,'POST',NULL,NULL),(4900,'oper:mgr:usual_account','帐号异常处理',3000,'/operation-manage/account-exception/list',1,'GET','account-exception',9),(4910,'oper:mgr:usual_account:list','帐号异常列表',4900,'/game/user/getUserErrorInfo',2,'POST',NULL,NULL),(5000,'game:mgr','游戏管理',-1,'/operation-manage/scrollingMap-manage/list',3,NULL,'game',4),(5100,'game:mgr:channel:mgr','渠道列表',5000,'/game-manage/channel-list/list',1,'GET','channel',1),(5110,'game:mgr:channel:mgr:list','渠道列表',5100,'/channel/list',2,'GET',NULL,NULL),(5120,'game:mgr:channel:mgr:add','新增渠道',5100,'/channel/add',2,'POST',NULL,NULL),(5130,'game:mgr:channel:mgr:update','编辑渠道',5100,'/channel/edit',2,'PUT',NULL,NULL),(5140,'game:mgr:channel:mgr:delete','渠道删除',5100,'/channel/*',2,'DELETE',NULL,NULL),(5200,'game:mgr:channel:config','渠道配置',5000,'/game-manage/channel-setting/list',1,'GET','setting',2),(5210,'game:mgr:channel:config:list','渠道配置列表',5200,'/channelConfig/list',2,'GET',NULL,NULL),(5220,'game:mgr:channel:config:update','渠道配置修改',5200,'/channelConfig/edit',2,'PUT',NULL,NULL),(5230,'game:mgr:channel:config:detail','渠道配置详情',5200,'/channelConfig/*',2,'GET',NULL,NULL),(5300,'game:mgr:channel:game_config','渠道游戏配置',5000,'/game-manage/game-setting/list',1,'GET','game-setting',3),(5310,'game:mgr:channel:game_config:list','渠道游戏配置列表',5300,'/channelGameConfig/list',2,'GET',NULL,NULL),(5320,'game:mgr:channel:game_config:edit','渠道游戏配置修改',5300,'/channelGameConfig/edit/channel/*',2,'POST',NULL,NULL),(5400,'game:mgr:channel:payment','渠道支付配置',5000,'/game-manage/pay-channel/list',1,'GET','pay-channel',4),(5410,'game:mgr:channel:payment:list','渠道支付配置列表',5400,'/paymentConfig/list',2,'POST',NULL,NULL),(5420,'game:mgr:channel:payment:add','渠道支付配置批量新增或修改',5400,'/paymentConfig/add',2,'POST',NULL,NULL),(5430,'game:mgr:channel:payment:detail','渠道支付配置详情',5400,'/paymentConfig/*',2,'GET',NULL,NULL),(5440,'game:mgr:channel:payment:edit','渠道支付配置编辑',5400,'/paymentConfig/edit',2,'PUT',NULL,NULL),(5441,'game:mgr:channel:payment:config','支付等级限制',5400,'/payment/way/config/**',2,'GET',NULL,NULL),(5442,'game:mgr:channel:payment:insert','支付等级限制修改',5441,'/paymentConfig/insert',2,'POST',NULL,NULL),(5500,'game:mgr:channel:game_record','游戏记录',5000,'/game-manage/game-record/list',1,'GET','record',5),(5510,'game:mgr:channel:game_record:list','游戏记录列表',5500,'/game/order/page',2,'GET',NULL,NULL),(5520,'game:mgr:channel:game_record:detail','游戏记录详情',5500,'/game/order/*',2,'GET',NULL,NULL),(5530,'game:mgr:channel:game_record:sync','游戏记录同步',5500,'/game/order/sync',2,'GET',NULL,NULL),(6000,'finance:mgr','财务管理',-1,'/finance-manage/pay-channel/list',3,NULL,'money',9),(6100,'finance:mgr:payment','支付渠道管理',6000,'/finance-manage/pay-channel/list',1,'GET','pay-channel',1),(6110,'finance:mgr:payment:list','支付渠道列表',6100,'/payment/page',2,'GET',NULL,NULL),(6120,'finance:mgr:payment:add','新增支付渠道',6100,'/payment/saveOrUpdate',2,'POST',NULL,NULL),(6130,'finance:mgr:payment:update','编辑支付渠道',6100,'/payment/saveOrUpdate',2,'PUT',NULL,NULL),(6140,'finance:mgr:payment:payCode','支付方式配置',6100,'/payment/way/settingsPaymentWay',2,'POST',NULL,NULL),(6150,'finance:mgr:payment:detail','支付渠道详情',6100,'/payment/detail/*',2,'GET',NULL,NULL),(6160,'finance:mgr:payment:way:detail','支付方式详情',6100,'/payment/way/list/*',2,'GET',NULL,NULL),(6170,'finance:mgr:payment:delete','删除支付通道',6100,'/payment/delete/*',2,'GET',NULL,NULL),(6180,'finance:mgr:payment:settings','设置状态',6100,'/payment/settings/**',2,'GET',NULL,NULL),(6200,'finance:mgr:recharge','线上入款单',6000,'/finance-manage/recharge-order/list',1,'GET','recharge',3),(6210,'finance:mgr:recharge:list','线上入款单列表',6200,'/payment/order/*',2,'GET',NULL,NULL),(6211,'finance:mgr:recharge:list:confirm','确认到账',6210,'/payment/order/confirm/*',2,'GET',NULL,NULL),(6212,'finance:mgr:recharge:list:reject','作废',6210,'/payment/order/reject',2,'POST',NULL,NULL),(6213,'finance:mgr:recharge:list:sync','第三方同步',6210,'/payment/order/sync/*',2,'GET',NULL,NULL),(6300,'finance:mgr:withdraw','出款单管理',6000,'/finance-manage/cash-order/list',1,'GET','cash',10),(6310,'finance:mgr:withdraw:list','出款单管理',6300,'/withdraw/order/page',2,'GET',NULL,NULL),(6311,'finance:mgr:withdraw:list:export','出款单导出',6310,'/withdraw/order/export',2,'GET',NULL,NULL),(6400,'finance:mgr:manual','人工存提',6000,'/finance-manage/manual-storage/list',1,'GET','manual',5),(6410,'finance:mgr:manual:list','人工存提',6400,'/manual/page',2,'GET',NULL,1),(6413,'finance:mgr:addLossType:list','加减币类型列表',6410,'/addloss/addLossList',2,'POST',NULL,NULL),(6414,'finance:mgr:addLossType:insert','加减币类型新增',6410,'/addloss/insertAddLoss',2,'POST',NULL,NULL),(6415,'finance:mgr:addLossType:update','加减币类型修改',6410,'/addloss/updateAddLoss',2,'POST',NULL,NULL),(6416,'finance:mgr:addLossType:delete','加减币类型删除',6410,'/addloss/deleteAddLossType/*',2,'GET',NULL,NULL),(6417,'finance:mgr:addLossType:detail','加减币类型详情',6410,'/addloss/getById/*',2,'GET',NULL,NULL),(6418,'finance:mgr:addLossType:addLossTypeName','加减币类型名称列表',6410,'/addloss/getByName',2,'GET',NULL,NULL),(6421,'finance:mgr:manual:add','新增',6410,'/manual/trade',2,'POST',NULL,2),(6422,'finance:mgr:manual:export','导出',6410,'/manual/export',2,'GET',NULL,2),(6500,'finance:mgr:inoutcash','线下出入款配置',6000,'/finance-manage/manual-payment/list',1,'GET','entryorexit',2),(6510,'finance:mgr:inoutcash:list','线下出入款列表',6500,'/inoutcash/queryList',2,'POST',NULL,NULL),(6520,'finance:mgr:inoutcash:add','添加人工支付账号/添加人工支付银行账号',6500,'/inoutcash/insert',2,'POST',NULL,NULL),(6530,'finance:mgr:inoutcash:edit','修改人工支付账号/修改人工支付银行账号',6500,'/inoutcash/update',2,'POST',NULL,NULL),(6600,'finance:mgr:offline','公司入款单',6000,'/finance-manage/manual-deposit/list',1,'GET','payment',4),(6610,'finance:mgr:offline:list','公司入款单列表',6600,'/payment/offline/order/page',2,'GET',NULL,NULL),(6611,'finance:mgr:offline:list:confirm','确认到账',6610,'/payment/offline/order/confirm/*',2,'GET',NULL,NULL),(6612,'finance:mgr:offline:list:reject','取消到账',6610,'/payment/offline/order/reject',2,'POST',NULL,NULL),(6620,'finance:mgr:payment:offline:add','人工入款',6600,'/payment/offline/order/addOfflineOrder',2,'POST',NULL,NULL),(6700,'finance:mgr:offline:desk','出款工作台',6000,'/finance-manage/payment-workbench/list',1,'GET','payout',9),(6710,'finance:mgr:offline:desk:list','出款工作台列表',6700,'/withdraw/order/desk',2,'GET',NULL,NULL),(6711,'finance:mgr:list:confirm','确认出款',6710,'/withdraw/order/confirm/*',2,'GET',NULL,NULL),(6712,'finance:mgr:list:reject','拒绝出款',6710,'/withdraw/order/reject',2,'POST',NULL,NULL),(6713,'finance:mgr:list:unlock','解锁',6710,'/withdraw/order/unlock/*',2,'GET',NULL,NULL),(6800,'finance:mgr:offline:first','出款一审',6000,'/finance-manage/one-review/list',1,'GET','firstAudit',7),(6810,'finance:mgr:offline:first:list','出款一审列表',6800,'/withdraw/order/audit/first',2,'GET',NULL,NULL),(6811,'finance:mgr:offline:first:list:audit','通过/取消/提交上级',6800,'/withdraw/order/audit',2,'POST',NULL,NULL),(6900,'finance:mgr:offline:recheck','出款二审',6000,'/finance-manage/second-review/list',1,'GET','recordAudit',8),(6910,'finance:mgr:offline:recheck:list','出款二审列表',6900,'/withdraw/order/audit/recheck',2,'GET',NULL,NULL),(6920,'finance:mgr:recharge-code','充值打码明细',6000,'/finance-manage/recharge-code/list',1,'GET','rechargeCode',6),(6930,'finance:mgr:recharge-code:list','充值打码明细',6920,'/trade/limit/page',2,'GET',NULL,NULL),(6931,'finance:mgr:recharge-code:list:clean','清空打码明细',6930,'/trade/limit/clean',2,'POST',NULL,NULL),(7000,'sys:mgr','系统管理',-1,'/system-manage',3,NULL,'system-manage',11),(7100,'sys:mgr:user','后台用户管理',7000,'/system-manage/user-manage/list',1,'GET','user-manage',2),(7110,'sys:mgr:user:list','后台用户列表',7100,'/sysuser',2,'GET',NULL,NULL),(7111,'sys:mgr:user:generator','生成google验证器',7110,'/sysuser/generateSecretKey/*',2,'GET',NULL,NULL),(7120,'sys:mgr:user:detail','获取用户详情',7100,'/sysuser/*',2,'GET',NULL,NULL),(7130,'sys:mgr:user:add','添加后台用户',7100,'/sysuser',2,'POST',NULL,NULL),(7140,'sys:mgr:user:update','修改后台用户',7100,'/sysuser',2,'PUT',NULL,NULL),(7150,'sys:mgr:user:delete','删除单个后台用户',7100,'/sysuser/*',2,'DELETE',NULL,NULL),(7160,'sys:mgr:user:resetPass','重置后台用户密码',7100,'/sysuser/resetPass',2,'POST',NULL,NULL),(7170,'sys:mgr:user:role','获取对应用户角色',7100,'/sysuser/role/*',2,'GET',NULL,NULL),(7180,'sys:mgr:user:role:add','给用户授权添加角色',7100,'/sysuser/authority/role',2,'POST',NULL,NULL),(7190,'sys:mgr:user:role:delete','删除已经授权的用户角色',7100,'/sysuser/authority/role',2,'DELETE',NULL,NULL),(7191,'sys:mgr:user:deleteBatch','批量删除后台用户',7100,'/sysuser',2,'DELETE',NULL,NULL),(7192,'sys:mgr:user:queryUserList','获取用户信息',7100,'/sysuser/queryUserList',2,'GET',NULL,NULL),(7194,'sys:mgr:user:authority_role','给用户赋予角色',7100,'/sysuser/authority/role',2,'POST',NULL,NULL),(7195,'sys:mgr:user:cancel_role','删除已经授权的用户角色',7100,'/sysuser/authority/role/cancel',2,'POST',NULL,NULL),(7196,'sys:mgr:user:export','导出后台用户',7100,'/sysuser/export',2,'POST',NULL,NULL),(7200,'sys:mgr:role','后台角色管理',7000,'/system-manage/roles-manage/list',1,'GET','roles-manage',3),(7210,'sys:mgr:role:list','获取角色列表',7200,'/role',2,'GET',NULL,NULL),(7220,'sys:mgr:role:detail','获取角色详情',7200,'/role/*',2,'GET',NULL,NULL),(7230,'sys:mgr:role:add','添加角色',7200,'/role',2,'POST',NULL,NULL),(7240,'sys:mgr:role:update','修改角色',7200,'/role',2,'PUT',NULL,NULL),(7250,'sys:mgr:role:delete','删除角色',7200,'/role/*',2,'DELETE',NULL,NULL),(7260,'sys:mgr:role:res','获取角色拥有资源',7200,'/role/*/res',2,'GET',NULL,NULL),(7270,'sys:mgr:role:res:update','修改角色对应资源权限',7200,'/role/*/res',2,'PUT',NULL,NULL),(7280,'sys:mgr:role:user','获取角色关联用户列表',7200,'/role/sysuser/*',2,'GET',NULL,NULL),(7290,'sys:mgr:role:user:not','获取角色未关联用户列表',7200,'/role/sysuser/-/*',2,'GET',NULL,NULL),(7300,'sys:mgr:global:config','全局配置',7000,'/system-manage/global-config/list',1,'GET','global-config',1),(7310,'sys:mgr:global:config:detail','全局配置详情',7300,'/global/config/selectDetail',2,'GET',NULL,NULL),(7320,'sys:mgr:global:config:update','全局配置修改',7300,'/global/config/update',2,'POST',NULL,NULL),(7400,'sys:mgr:report','报表修复',7000,'/system-manage/report-repair/list',1,'GET','report-repair',4),(7410,'sys:mgr:report:repair','报表修复功能',7400,'/report/restore',2,'GET','',NULL),(7500,'sys:mgr:operation','操作日志',7000,'/system-manage/operation-log/list',1,'GET','operation-log',4),(7510,'sys:mgr:operation:list','操作日志列表',7500,'/log/operLogList',2,'POST',NULL,NULL),(7511,'sys:mgr:sysJobLog:list','调度日志列表',7800,'/sysJobLog/list',2,'POST',NULL,NULL),(7600,'sys:mgr:domain','域名管理',7000,'/system-manage/domainname-manage/list',1,'GET','domainname-manage',5),(7610,'sys:mgr:domain:list','域名管理列表',7600,'/domainWebsite/getlist',2,'GET',NULL,NULL),(7611,'sys:mgr:domain:list:update','域名管理修改',7610,'/domainWebsite/updateDomainWebsite',2,'POST',NULL,NULL),(7612,'sys:mgr:domain:list:add','域名管理新增',7610,'/domainWebsite/insertDomainWebsite',2,'POST',NULL,NULL),(7700,'sys:mgr:scheduling-log','调度日志',7000,'/system-manage/scheduling-log/list',1,'GET','scheduling-log',NULL),(7800,'sys:mgr:scheduling','调度管理',7000,'/system-manage/scheduling/list',1,'GET','scheduling',NULL),(7801,'sys:mgr:sysJob:insert','调度管理新增',7800,'/sysJob/insert',2,'POST',NULL,NULL),(7802,'sys:mgr:sysJob:update','调度管理修改',7800,'/sysJob/update',2,'POST',NULL,NULL),(7803,'sys:mgr:sysJob:updateStatus','调度管理禁用/启用',7800,'/sysJob/updateStatus/*',2,'GET',NULL,NULL),(7804,'sys:mgr:sysJob:getSysJobInfo','调度管理详情',7800,'/sysJob/getSysJobInfo/*',2,'GET',NULL,NULL),(8000,'risk:mgr','风控管理',-1,'/riskControl-manage',3,NULL,'riskControl-manage',6),(8100,'risk:mgr:set','风控设置',8000,'/riskControl-manage/riskControl-list/list',1,'GET','riskControl-list',2),(8110,'risk:mgr:set:list','风控设置列表',8100,'/risk_set',2,'GET',NULL,NULL),(8112,'risk:mgr:set:detail','查看风控设置详情',8100,'/risk_set/*',2,'GET',NULL,NULL),(8113,'risk:mgr:set:add','新增风控设置',8100,'/risk_set',2,'POST',NULL,NULL),(8114,'risk:mgr:set:update','修改风控设置',8100,'/risk_set',2,'PUT',NULL,NULL),(8115,'risk:mgr:set:delete','删除当个风控设置',8100,'/risk_set/*',2,'DELETE',NULL,NULL),(8200,'risk:mgr:notice','风控预警',8000,'/riskControl-manage/alertInfo-list/list',1,'GET','alertInfo-list',1),(8210,'risk:mgr:notice:list','风控预警通知列表',8200,'/warn_notice',2,'GET',NULL,NULL),(9000,'agent:mgr','推广员管理',-1,'/agent-manage/agent-list/list',3,NULL,'promen',8),(9100,'agent:center:mgr','推广员管理',9000,'/agent-manage/agent-list/list',1,'GET','agent',1),(9110,'agent:center:mgr:list','推广员列表',9100,'/user/proxy/page',2,'GET',NULL,NULL),(9111,'agent:center:mgr:list:settle','编辑结算设置',9110,'/user/proxy/settleType',2,'POST',NULL,NULL),(9112,'agent:center:mgr:list:binding','绑定会员',9110,'/user/proxy/binding',2,'POST',NULL,NULL),(9113,'agent:center:mgr:list:unbinding','解绑会员',9110,'/user/proxy/unBinding/*',2,'GET',NULL,NULL),(9114,'agent:center:mgr:detail','查看代理详情',9100,'/user/proxy/detail/*',2,'GET',NULL,NULL),(9115,'agent:center:mgr:export','导出',9100,'/user/proxy/export',2,'GET',NULL,NULL),(9116,'agent:center:mgr:list:settle:query','编辑结算设置查询',9110,'/user/proxy/toSettleType/*',2,'GET',NULL,NULL),(9200,'agent:center:stat','推广员统计',9000,'/agent-manage/agent-count/list',1,'GET','count',2),(9210,'agent:center:stat:list','推广员统计列表',9200,'/user/proxy/statis',2,'GET',NULL,NULL),(9211,'agent:center:stat:list:export','导出',9210,'/user/proxy/exportStatis',2,'GET',NULL,NULL),(9300,'agent:center:commission','佣金结算',9000,'/agent-manage/promotion-commission/list',1,'GET','promotion',3),(9310,'agent:center:commission:list','佣金结算列表',9300,'/commission/queryCommissionInfo',2,'GET',NULL,NULL),(9400,'user:proxy','推广返佣等级设置',9000,'/agent-manage/rebate-settings/list',1,'POST','\r\nrebate-settings',4),(9410,'user:proxy:list','代理等级列表',9400,'/proxy/list',2,'GET',NULL,NULL),(9411,'finance:mgr:addLossType:addLossTypeDelete','代理等级删除',9400,'/proxy/delete/*',2,'GET',NULL,NULL),(9420,'user:proxy:add','代理等级新增',9400,'/proxy/save',2,'POST',NULL,NULL),(9430,'user:proxy:update','代理等级修改',9400,'/proxy/update',2,'POST',NULL,NULL),(10000,'activity:mgr','活动管理',-1,'/activity-manage/activity-list/list',3,NULL,'activity',5),(11000,'activity:mgr:activity','活动列表',10000,'/activity-manage/activity-list/list',1,'GET','activity-list',1),(11001,'activity:mgr:activity:record','活动记录',10000,'/activity-manage/activity-record/list',1,'GET','activity-record',1),(11010,'activity:mgr:activity:list','活动列表',11000,'/activity/list',2,'POST',NULL,NULL),(11020,'activity:mgr:activity:add','添加活动',11000,'/activity/add',2,'POST',NULL,NULL),(11030,'activity:mgr:activity:update','编辑活动',11000,'/activity/edit',2,'PUT',NULL,NULL),(11040,'activity:mgr:activity:status:update','活动状态更新',11000,'/activity/updateStatus',2,'PUT',NULL,NULL),(11050,'activity:mgr:activity:get_bonus_info','获取活动可能获得的优惠信息',11000,'/activity/getBonusInfo',2,'GET',NULL,NULL),(11060,'activity:mgr:activity:record:list','活动记录列表',11001,'/activityRecord/list',2,'POST',NULL,NULL),(11061,'activity:mgr:activity:record:send','活动奖励发放',11001,'/activityRecord/send/*',2,'GET',NULL,NULL),(12000,'bank:management','银商管理',-1,'/bank-manage',3,NULL,'bankManage',7),(12100,'bank:management:bank','银商管理',12000,'/bank-manage/bank-list/list',1,'GET','bank',1),(12110,'bank:management:bank:list','银商管理列表',12100,'/silveruser/silvers',2,'POST',NULL,NULL),(12111,'bank:management:bank:list:add','银商管理列表添加',12110,'/silveruser/insertSilverInfo',2,'POST',NULL,NULL),(12112,'bank:management:bank:list:update','银商管理列表修改',12110,'/silveruser/updateSilverInfo',2,'POST',NULL,NULL),(12113,'bank:management:bank:list:delete','银商管理列表删除',12110,'/silveruser/deleteSilver/*',2,'POST',NULL,NULL),(12114,'bank:management:bank:list:detail','银商管理列表详情',12110,'/silveruser/findUserSilverInfo/*',2,'GET',NULL,NULL),(12115,'bank:management:bank:list:export','银商管理列表导出',12110,'/silveruser/export',2,'GET',NULL,NULL),(12300,'bank:management:amt','银商额度管理',12000,'/bank-manage/quota-manage/list',1,'GET','quota',2),(12301,'agent:center:commission:update','佣金结算审核',9310,'/commission/confirmCommissionInfo',2,'POST',NULL,NULL),(12310,'bank:management:amt:list','银商额度管理列表',12300,'/silveruser/silverWalletList',2,'GET','',NULL),(12311,'bank:management:add','银商加钱',12310,'/silveruser/addMoney',2,'POST',NULL,NULL),(12312,'bank:management:export','银商加钱列表导出',12310,'/silveruser/exportSilverWalletList/*',2,'GET',NULL,NULL),(12320,'bank:management:amt:export','银商额度管理列表导出',12300,'/silveruser/exportSilverWalletList',2,'GET',NULL,NULL),(12400,'bank:management:data','银商数据总表',12000,'/bank-manage/data-manage/list',1,'GET','data',4),(12410,'bank:management:data:list','银商数据总表',12400,'/statSilver/list',2,'POST',NULL,NULL),(12500,'bank:management:details','银商账目明细',12000,'/bank-manage/account-record/list',1,'GET','account-record',5),(12510,'bank:management:details:list','银商账目明细表',12500,'/statSilver/detail',2,'POST',NULL,NULL),(13000,'game:task:mgr','游戏任务',-1,'/game-task',3,NULL,'game-task',6),(13100,'game:task:mgr:config','游戏任务配置',13000,'/game-task/task-manage/list',1,'GET','task-manage',NULL),(13110,'game:task:mgr:config:addOrupdate','游戏任务新增或者修改',13100,'/gameTask/saveSettings',2,'POST',NULL,NULL),(13120,'game:task:mgr:config:list','游戏任务配置列表',13100,'/gameTask/list',2,'GET',NULL,NULL),(13200,'game:task:mgr:record','任务参与记录',13000,'/game-task/participate-record/list',1,'GET','participate-record',NULL),(13210,'game:task:mgr:record:list','任务记录列表',13200,'/task/game/list',2,'POST',NULL,NULL),(13310,'game:taskmgr:lxb:list','理财产品列表',13300,'/',2,'POST',NULL,NULL),(13400,'game:taskmgr:signin','七日签到',13000,'/game-task/task-singIn/list',1,'GET','task-singIn',NULL),(13410,'game:taskmgr:signin:list','七日签到列表',13400,'/task/signin/list/*',2,'GET','task-singIn',NULL),(13411,'game:taskmgr:signin:settings:conf','保存配置',13410,'/task/signin/settings/conf',2,'POST','',NULL),(13412,'game:taskmgr:signin:settings:status','设置状态',13410,'/task/signin/settingsStatus',2,'POST','',NULL),(13500,'game:taskmgr:signin:record','七日签到记录',13000,'/game-task/task-singhistory/list',1,'GET','task-singhistory',NULL),(13510,'game:taskmgr:signin:record:list','七日签到记录列表',13500,'/task/signin/record',2,'GET','task-singhistory',NULL),(14000,'interest:mgr','渠道理财',-1,'/game-task/interest-report/list',3,NULL,'financial-management',10),(14100,'interest:mgr:conf','理财产品',14000,'/game-task/yu-bao/list',1,'GET','yubao',NULL),(14110,'interest:mgr:conf:list','理财产品配置列表',14100,'/trade/interestList',2,'POST',NULL,NULL),(14120,'interest:mgr:conf:update','修改理财产品配置',14100,'/trade/update',2,'POST',NULL,NULL),(14130,'interest:mgr:conf:delete','删除理财产品配置',14100,'/trade/delete/*',2,'GET',NULL,NULL),(14140,'interest:mgr:conf:isopen','理财产品禁用和启用',14100,'/trade/updateTradeStatus',2,'POST',NULL,NULL),(14150,'interest:mgr:conf:insert','新增理财产品配置',14100,'/trade/insert',2,'POST',NULL,NULL),(14200,'interest:mgr:record','认购记录',14000,'/game-task/subscription-record/list',1,'POST','subscription-record',NULL),(14210,'interest:mgr:record:list','认购记录列表',14200,'/interestBuyRecord/getBuyRecordList',2,'POST',NULL,NULL),(14220,'interest:mgr:record:interest','认购发放',14200,'/interestBuyRecord/updateProfit',2,'GET',NULL,NULL),(14230,'interest:mgr:interest:back:record','赎回记录',14200,'/interestBuyRecord/back/list/*',2,'GET',NULL,NULL),(14300,'interest:mgr:config','利息总报表',14000,'/game-task/interest-report/list',1,'POST','interest-report',NULL),(14310,'interest:mgr:config:list','利息总报表列表',14300,'/interest/queryStatInterest',2,'POST',NULL,NULL),(20000,'api','api根目录',-1,NULL,4,NULL,NULL,20),(21000,'api:res','资源api目录',20000,NULL,4,NULL,NULL,1),(21100,'api:res:list','获取全部资源、权限',21000,'/resource',2,'GET',NULL,NULL),(21200,'api:res:menu:authority','获取用户被授权菜单',21000,'/resource/authorityMenu',2,'GET',NULL,NULL),(22000,'api:account','账户api目录',20000,NULL,4,NULL,NULL,2),(22100,'api:account:login','用户登录',22000,'/account/login',2,'POST',NULL,NULL),(22200,'api:account:logout','用户注册',22000,'/account/register',2,'POST',NULL,NULL),(23000,'api:component','公共API下拉组件目录',20000,NULL,4,NULL,NULL,3),(23001,'api:component:channel:name:list','渠道名称列表',23000,'/channel/name/list',2,'GET',NULL,NULL),(23002,'api:component:game:list','按分类归类游戏列表',23000,'/game/list',2,'GET',NULL,NULL),(23003,'api:component:activity:rule_category:list','活动规则分类列表',23000,' ',2,'GET',NULL,NULL),(23004,'api:component:payment:channel:list','渠道支付通道',23000,'/payment/channel/list',2,'GET',NULL,NULL),(23005,'api:component:withdraw:order:way','渠道支付通道方式',23000,'/withdraw/order/way',2,'GET',NULL,NULL),(23006,'api:component:activity:rule:list','活动规则列表',23000,'/activityRule/list',2,'GET',NULL,NULL),(23007,'activity:mgr:activity:list_by_now','正在进行活动列表',23000,'/activity/list/byNow',2,'POST',NULL,NULL),(23008,'api:component:user_level:list','会员等级列表',23000,'/userlevel/queryUserLevelName',2,'GET',NULL,NULL),(23009,'api:component:user:list','系统用户列表',23000,'/sysuser/queryUserList',2,'GET',NULL,NULL),(23010,'api:component:payment_way_dict:list','支付方式名称列表',23000,'/payment/dict/selectAll/*',2,'GET',NULL,NULL),(23011,'api:component:payment_offline_way:conf','线下支付方式配置',23000,'/payment/offline/order/offlineWayConf',2,'GET',NULL,NULL),(23012,'api:component:payment_offline:activity','线下支付活动参数',23000,'/activity/list/byNow',2,'GET',NULL,NULL),(23013,'api:component:payment_offline:activity:bonus','线下支付活动奖金',23000,'/activity/getBonusInfo',2,'GET',NULL,NULL),(23014,'finance:mgr:manual:names','人工存提获取用户名',23000,'/manual/userList',2,'GET',NULL,NULL),(23015,'sys:mgr:role:listForUser','获取角色下拉列表',23000,'/role/forUser',2,'GET',NULL,NULL),(23016,'api:component:payment:list','支付通道',23000,'/payment/nameList',2,'GET',NULL,NULL),(23017,'api:component:trade_type:list','交易类型列表',23000,'/game/user/getTradeType',2,'GET',NULL,NULL),(23018,'api:common:getParentUserId','获得当前登录用户的上级',23000,'/payment/offline/order/getParentUserId',2,'GET','',NULL),(23019,'api:component:user_level:all','渠道会员等级列表',23000,'/userlevel/queryUserLevelByChannelId/*',2,'GET',NULL,NULL),(23020,'api:component:interest:list','理财产品名称',23000,'/trade/interestNameList',2,'GET',NULL,NULL),(23021,'api:component:bank:list','银行信息列表',23000,'/bank/getBankList',2,'GET',NULL,NULL),(24000,'api:index','首页api目录',20000,NULL,4,NULL,NULL,4),(24100,'api:index:stat','会员/在线人数/税收',24000,'/home/statistics',2,'POST',NULL,NULL),(24110,'api:index:data','',24000,'/home/dataOverview',2,'POST',NULL,NULL),(24120,'api:index:channel','热门游戏',24000,'/home/channelGame',2,'POST',NULL,NULL),(24130,'api:index:domain','平台排行榜',24000,'/home/domainRanking',2,'POST',NULL,NULL),(24140,'api:index:withdraw','用户在线人数和待支付订单数',24000,'/home/queryUserAndWithdrawOrder',2,'POST',NULL,NULL),(25000,'api:common','公用api目录',20000,NULL,4,NULL,NULL,5),(25100,'api:common:checkUid','检查后台账户名是否重复',25000,'/sysuser/checkUnique/*',2,'GET',NULL,NULL),(25200,'api:common:logout','后台用户退出',25000,'/sysuser/logout',2,'POST',NULL,NULL);

/*Table structure for table `auth_role` */

DROP TABLE IF EXISTS `auth_role`;

CREATE TABLE `auth_role` (
  `ID` int(11) unsigned NOT NULL AUTO_INCREMENT COMMENT '角色ID',
  `CODE` varchar(30) NOT NULL COMMENT '角色编码',
  `NAME` varchar(30) DEFAULT NULL COMMENT '角色名称',
  `STATUS` tinyint(4) NOT NULL DEFAULT '1' COMMENT '状态   1:正常、0：禁用',
  `CREATE_TIME` datetime DEFAULT CURRENT_TIMESTAMP COMMENT '创建时间',
  `UPDATE_TIME` datetime DEFAULT NULL COMMENT '更新时间',
  `create_by` varchar(30) DEFAULT NULL COMMENT '创建者',
  `update_by` varchar(30) DEFAULT NULL COMMENT '更新者',
  `remark` varchar(255) DEFAULT NULL COMMENT '备注',
  `domain_id` bigint(20) NOT NULL DEFAULT '-1' COMMENT '子站编号',
  PRIMARY KEY (`ID`),
  UNIQUE KEY `auth_role_pk` (`CODE`,`domain_id`) USING BTREE
) ENGINE=InnoDB AUTO_INCREMENT=214 DEFAULT CHARSET=utf8mb4 COMMENT='角色信息表';

/*Data for the table `auth_role` */

insert  into `auth_role`(`ID`,`CODE`,`NAME`,`STATUS`,`CREATE_TIME`,`UPDATE_TIME`,`create_by`,`update_by`,`remark`,`domain_id`) values (100,'role_admin','超级管理员',1,'2019-04-23 17:50:38','2019-05-02 12:00:31','henry',NULL,'超级管理员、拥有所有权限，只有一个账户\'admin\'拥有该权限',1),(101,'role_ordinary','普通用户',1,'2019-04-23 17:50:38','2019-07-23 14:34:07','henry','fc','默认角色',1),(102,'role_view','视察角色',1,'2019-04-23 17:50:38','2019-05-02 11:12:59','henry','henry','只拥有查看权限，无任何修改权限',1),(103,'role_mgr','管理层',1,'2019-05-01 02:13:38','2019-05-04 11:22:56','henry',NULL,'管理层，拥有很多高级权限',1),(200,'role_anon','非角色',1,'2019-04-23 17:50:38','2019-05-04 11:22:56','henry',NULL,'约定若role_anon角色拥有某个uri资源的权限，则此uri资源直接访问不需要认证和权限',1),(201,'11111','测试',1,'2019-05-31 20:38:49',NULL,'lin',NULL,'',1),(202,'role_rk','入款部',1,'2019-05-31 20:41:43',NULL,'lb',NULL,'',1),(206,'qwe','出款部',1,'2019-05-31 21:21:16','2019-07-14 17:59:00','lb','hb','',1),(207,'123321','招商部',1,'2019-06-02 13:46:58','2019-07-12 10:01:55','ceshi','acheng','',1),(208,'123456','客服部',1,'2019-06-03 11:11:21',NULL,'ceshi',NULL,'',1);

/*Table structure for table `auth_role_resource` */

DROP TABLE IF EXISTS `auth_role_resource`;

CREATE TABLE `auth_role_resource` (
  `ID` int(11) unsigned NOT NULL AUTO_INCREMENT COMMENT '主键ID',
  `ROLE_ID` int(11) NOT NULL COMMENT '角色ID',
  `RESOURCE_ID` int(11) NOT NULL COMMENT '资源ID',
  `domain_id` bigint(20) NOT NULL DEFAULT '-1' COMMENT '子站编号',
  PRIMARY KEY (`ID`),
  UNIQUE KEY `auth_role_resource_pk` (`ROLE_ID`,`RESOURCE_ID`,`domain_id`) USING BTREE
) ENGINE=InnoDB AUTO_INCREMENT=15064 DEFAULT CHARSET=utf8mb4 COMMENT='资源角色关联表';

/*Data for the table `auth_role_resource` */

insert  into `auth_role_resource`(`ID`,`ROLE_ID`,`RESOURCE_ID`,`domain_id`) values (7442,100,1000,1),(7443,100,1100,1),(7497,100,2000,1),(7518,100,2100,1),(7519,100,2110,1),(7520,100,2200,1),(7521,100,2210,1),(7522,100,2211,1),(7505,100,2300,1),(7507,100,2310,1),(7506,100,2311,1),(7510,100,2400,1),(7511,100,2410,1),(7500,100,2500,1),(7502,100,2510,1),(7501,100,2520,1),(7503,100,2600,1),(7504,100,2610,1),(7498,100,2700,1),(7499,100,2710,1),(7508,100,2800,1),(7509,100,2810,1),(7512,100,2900,1),(7513,100,2910,1),(7514,100,2950,1),(7515,100,2951,1),(7517,100,2952,1),(7516,100,2953,1),(7570,100,3000,1),(7573,100,3100,1),(7575,100,3110,1),(7574,100,3111,1),(8711,100,3112,1),(8712,100,3113,1),(7571,100,3200,1),(7572,100,3210,1),(7576,100,3300,1),(7579,100,3310,1),(7577,100,3320,1),(7580,100,3330,1),(7578,100,3340,1),(8737,100,3400,1),(8735,100,3410,1),(10118,100,3600,1),(10120,100,3610,1),(7456,100,4000,1),(7488,100,4100,1),(7489,100,4110,1),(7457,100,4200,1),(7460,100,4210,1),(7462,100,4220,1),(7459,100,4230,1),(7461,100,4240,1),(7458,100,4250,1),(7473,100,4300,1),(7476,100,4310,1),(7474,100,4320,1),(7477,100,4330,1),(7475,100,4340,1),(7468,100,4400,1),(7471,100,4410,1),(7469,100,4420,1),(7472,100,4430,1),(7470,100,4440,1),(7463,100,4500,1),(7466,100,4510,1),(7464,100,4520,1),(7467,100,4530,1),(7465,100,4540,1),(9060,100,4550,1),(9062,100,4551,1),(9064,100,4552,1),(7492,100,4600,1),(7495,100,4610,1),(7493,100,4620,1),(7496,100,4630,1),(7494,100,4640,1),(7478,100,4700,1),(7481,100,4710,1),(7479,100,4720,1),(7482,100,4730,1),(7480,100,4740,1),(7483,100,4800,1),(7486,100,4810,1),(7484,100,4820,1),(7487,100,4830,1),(7485,100,4840,1),(9054,100,4850,1),(9055,100,4851,1),(9065,100,4852,1),(9066,100,4853,1),(7490,100,4900,1),(7491,100,4910,1),(7407,100,5000,1),(7419,100,5100,1),(7422,100,5110,1),(7420,100,5120,1),(7423,100,5130,1),(7421,100,5140,1),(7408,100,5200,1),(7410,100,5210,1),(7411,100,5220,1),(7409,100,5230,1),(7412,100,5300,1),(7414,100,5310,1),(7413,100,5320,1),(7424,100,5400,1),(7428,100,5410,1),(7425,100,5420,1),(7426,100,5430,1),(7427,100,5440,1),(9069,100,5441,1),(9070,100,5442,1),(7415,100,5500,1),(7417,100,5510,1),(7416,100,5520,1),(7418,100,5530,1),(7367,100,6000,1),(7391,100,6100,1),(7394,100,6110,1),(7392,100,6120,1),(7397,100,6130,1),(7396,100,6140,1),(7393,100,6150,1),(7398,100,6160,1),(8102,100,6170,1),(7399,100,6200,1),(7400,100,6210,1),(7401,100,6211,1),(7402,100,6212,1),(7403,100,6213,1),(7404,100,6300,1),(7405,100,6310,1),(7406,100,6311,1),(7375,100,6400,1),(7378,100,6410,1),(8100,100,6413,1),(8099,100,6414,1),(8101,100,6415,1),(8097,100,6416,1),(8098,100,6417,1),(8103,100,6418,1),(7376,100,6421,1),(7377,100,6422,1),(7368,100,6500,1),(7371,100,6510,1),(7369,100,6520,1),(7370,100,6530,1),(7380,100,6600,1),(7386,100,6610,1),(7387,100,6611,1),(7388,100,6612,1),(7395,100,6620,1),(7381,100,6700,1),(7382,100,6710,1),(7372,100,6711,1),(7373,100,6712,1),(7374,100,6713,1),(7383,100,6800,1),(7384,100,6810,1),(7385,100,6811,1),(7389,100,6900,1),(7390,100,6910,1),(8725,100,6920,1),(8727,100,6930,1),(8728,100,6931,1),(7532,100,7000,1),(7555,100,7100,1),(7563,100,7110,1),(7561,100,7120,1),(7556,100,7130,1),(7569,100,7140,1),(7559,100,7150,1),(7565,100,7160,1),(7566,100,7170,1),(7567,100,7180,1),(7568,100,7190,1),(7560,100,7191,1),(7564,100,7192,1),(7557,100,7194,1),(7558,100,7195,1),(7562,100,7196,1),(7544,100,7200,1),(7548,100,7210,1),(7547,100,7220,1),(7545,100,7230,1),(7552,100,7240,1),(7546,100,7250,1),(7550,100,7260,1),(7551,100,7270,1),(7553,100,7280,1),(7554,100,7290,1),(7537,100,7300,1),(7538,100,7310,1),(7539,100,7320,1),(7542,100,7400,1),(7543,100,7410,1),(7540,100,7500,1),(7541,100,7510,1),(7533,100,7600,1),(7534,100,7610,1),(8710,100,7611,1),(8709,100,7612,1),(7536,100,7620,1),(7535,100,7630,1),(8723,100,7700,1),(7523,100,8000,1),(7526,100,8100,1),(7530,100,8110,1),(7529,100,8112,1),(7527,100,8113,1),(7531,100,8114,1),(7528,100,8115,1),(7524,100,8200,1),(7525,100,8210,1),(7315,100,9000,1),(7304,100,9100,1),(7307,100,9110,1),(7309,100,9111,1),(7308,100,9112,1),(7311,100,9113,1),(7305,100,9114,1),(7306,100,9115,1),(7310,100,9116,1),(7312,100,9200,1),(7313,100,9210,1),(7314,100,9211,1),(7301,100,9300,1),(7302,100,9310,1),(7581,100,9400,1),(7583,100,9410,1),(7585,100,9411,1),(7582,100,9420,1),(7584,100,9430,1),(7290,100,10000,1),(7291,100,11000,1),(7296,100,11001,1),(7294,100,11010,1),(7292,100,11020,1),(7300,100,11030,1),(7299,100,11040,1),(7293,100,11050,1),(7297,100,11060,1),(7298,100,11061,1),(7350,100,12000,1),(7355,100,12100,1),(7356,100,12110,1),(7357,100,12111,1),(7361,100,12112,1),(7358,100,12113,1),(7359,100,12114,1),(7360,100,12115,1),(7352,100,12300,1),(7303,100,12301,1),(7354,100,12310,1),(7351,100,12311,1),(7366,100,12312,1),(7353,100,12320,1),(7362,100,12400,1),(7363,100,12410,1),(7364,100,12500,1),(7365,100,12510,1),(7429,100,13000,1),(7430,100,13100,1),(7431,100,13110,1),(7432,100,13120,1),(7433,100,13200,1),(7434,100,13210,1),(7435,100,13310,1),(7436,100,13400,1),(7437,100,13410,1),(7440,100,13411,1),(7441,100,13412,1),(7438,100,13500,1),(7439,100,13510,1),(7444,100,14000,1),(7445,100,14100,1),(7449,100,14110,1),(7450,100,14120,1),(7446,100,14130,1),(7448,100,14140,1),(7447,100,14150,1),(7453,100,14200,1),(7455,100,14210,1),(7454,100,14220,1),(7451,100,14300,1),(7452,100,14310,1),(7316,100,20000,1),(7347,100,21000,1),(7348,100,21100,1),(7349,100,21200,1),(7317,100,22000,1),(7318,100,22100,1),(7319,100,22200,1),(7324,100,23000,1),(7327,100,23001,1),(7328,100,23002,1),(7326,100,23003,1),(7330,100,23004,1),(7340,100,23005,1),(7325,100,23006,1),(7295,100,23007,1),(7339,100,23008,1),(7337,100,23009,1),(7335,100,23010,1),(7334,100,23011,1),(7332,100,23012,1),(7333,100,23013,1),(7379,100,23014,1),(7549,100,23015,1),(7331,100,23016,1),(7336,100,23017,1),(7322,100,23018,1),(7338,100,23019,1),(7329,100,23020,1),(8096,100,23021,1),(7341,100,24000,1),(7345,100,24100,1),(7343,100,24110,1),(7342,100,24120,1),(7344,100,24130,1),(7346,100,24140,1),(7320,100,25000,1),(7321,100,25100,1),(7323,100,25200,1),(14542,101,1000,1),(14543,101,1100,1),(14544,101,2000,1),(14545,101,2100,1),(14546,101,2110,1),(14547,101,2200,1),(14548,101,2210,1),(14549,101,2211,1),(14550,101,2300,1),(14551,101,2310,1),(14552,101,2311,1),(14553,101,2400,1),(14554,101,2410,1),(14555,101,2500,1),(14556,101,2510,1),(14557,101,2520,1),(14558,101,2600,1),(14559,101,2610,1),(14560,101,2700,1),(14561,101,2710,1),(14562,101,2800,1),(14563,101,2810,1),(14564,101,2900,1),(14565,101,2910,1),(14566,101,2950,1),(14567,101,2951,1),(14568,101,2952,1),(14569,101,2953,1),(14570,101,3000,1),(14571,101,3100,1),(14572,101,3110,1),(14573,101,3111,1),(14574,101,3112,1),(14575,101,3113,1),(14576,101,3114,1),(14577,101,3115,1),(14578,101,3116,1),(14579,101,3117,1),(14580,101,3118,1),(14581,101,3200,1),(14582,101,3210,1),(14583,101,3300,1),(14584,101,3310,1),(14585,101,3320,1),(14586,101,3330,1),(14587,101,3340,1),(14588,101,3400,1),(14589,101,3410,1),(14590,101,3600,1),(14591,101,3610,1),(14599,101,4000,1),(14600,101,4100,1),(14601,101,4110,1),(14602,101,4200,1),(14603,101,4210,1),(14604,101,4220,1),(14605,101,4230,1),(14606,101,4240,1),(14607,101,4250,1),(14608,101,4300,1),(14609,101,4310,1),(14610,101,4320,1),(14611,101,4330,1),(14612,101,4340,1),(14613,101,4400,1),(14614,101,4410,1),(14615,101,4420,1),(14616,101,4430,1),(14617,101,4440,1),(14592,101,4500,1),(14593,101,4510,1),(14594,101,4520,1),(14595,101,4530,1),(14596,101,4540,1),(14618,101,4550,1),(14619,101,4551,1),(14620,101,4552,1),(14621,101,4600,1),(14622,101,4610,1),(14623,101,4620,1),(14624,101,4630,1),(14625,101,4640,1),(14626,101,4700,1),(14627,101,4710,1),(14628,101,4720,1),(14629,101,4730,1),(14630,101,4740,1),(14631,101,4800,1),(14632,101,4810,1),(14633,101,4820,1),(14634,101,4830,1),(14635,101,4840,1),(14636,101,4850,1),(14637,101,4851,1),(14638,101,4852,1),(14639,101,4853,1),(14597,101,4900,1),(14598,101,4910,1),(14640,101,5000,1),(14641,101,5100,1),(14642,101,5110,1),(14643,101,5120,1),(14644,101,5130,1),(14645,101,5140,1),(14646,101,5200,1),(14647,101,5210,1),(14648,101,5220,1),(14649,101,5230,1),(14650,101,5300,1),(14651,101,5310,1),(14652,101,5320,1),(14653,101,5400,1),(14654,101,5410,1),(14655,101,5420,1),(14656,101,5430,1),(14657,101,5440,1),(14658,101,5441,1),(14659,101,5442,1),(14660,101,5500,1),(14661,101,5510,1),(14662,101,5520,1),(14663,101,5530,1),(14664,101,6000,1),(14665,101,6100,1),(14666,101,6110,1),(14667,101,6120,1),(14668,101,6130,1),(14669,101,6140,1),(14670,101,6150,1),(14671,101,6160,1),(14672,101,6170,1),(14673,101,6180,1),(14674,101,6200,1),(14675,101,6210,1),(14676,101,6211,1),(14677,101,6212,1),(14678,101,6213,1),(14679,101,6300,1),(14680,101,6310,1),(14681,101,6311,1),(14682,101,6400,1),(14683,101,6410,1),(14684,101,6413,1),(14685,101,6414,1),(14686,101,6415,1),(14687,101,6416,1),(14688,101,6417,1),(14689,101,6418,1),(14690,101,6421,1),(14691,101,6422,1),(14692,101,6500,1),(14693,101,6510,1),(14694,101,6520,1),(14695,101,6530,1),(14696,101,6600,1),(14697,101,6610,1),(14698,101,6611,1),(14699,101,6612,1),(14700,101,6620,1),(14701,101,6700,1),(14702,101,6710,1),(14703,101,6711,1),(14704,101,6712,1),(14705,101,6713,1),(14706,101,6800,1),(14707,101,6810,1),(14708,101,6811,1),(14709,101,6900,1),(14710,101,6910,1),(14711,101,6920,1),(14712,101,6930,1),(14713,101,6931,1),(14714,101,7000,1),(14715,101,7100,1),(14716,101,7110,1),(14717,101,7111,1),(14718,101,7120,1),(14719,101,7130,1),(14720,101,7140,1),(14721,101,7150,1),(14722,101,7160,1),(14723,101,7170,1),(14724,101,7180,1),(14725,101,7190,1),(14726,101,7191,1),(14727,101,7192,1),(14728,101,7194,1),(14729,101,7195,1),(14730,101,7196,1),(14731,101,7200,1),(14732,101,7210,1),(14733,101,7220,1),(14734,101,7230,1),(14735,101,7240,1),(14736,101,7250,1),(14737,101,7260,1),(14738,101,7270,1),(14739,101,7280,1),(14740,101,7290,1),(14741,101,7300,1),(14742,101,7310,1),(14743,101,7320,1),(14744,101,7400,1),(14745,101,7410,1),(14746,101,7500,1),(14747,101,7510,1),(14753,101,7511,1),(14748,101,7600,1),(14749,101,7610,1),(14750,101,7611,1),(14751,101,7612,1),(14752,101,7800,1),(14754,101,7801,1),(14755,101,7802,1),(14756,101,7803,1),(14757,101,7804,1),(14758,101,8000,1),(14759,101,8100,1),(14760,101,8110,1),(14761,101,8112,1),(14762,101,8113,1),(14763,101,8114,1),(14764,101,8115,1),(14765,101,8200,1),(14766,101,8210,1),(14767,101,9000,1),(14768,101,9100,1),(14769,101,9110,1),(14770,101,9111,1),(14771,101,9112,1),(14772,101,9113,1),(14774,101,9114,1),(14775,101,9115,1),(14773,101,9116,1),(14776,101,9200,1),(14777,101,9210,1),(14778,101,9211,1),(14779,101,9300,1),(14780,101,9310,1),(14782,101,9400,1),(14783,101,9410,1),(14784,101,9411,1),(14785,101,9420,1),(14786,101,9430,1),(14787,101,10000,1),(14788,101,11000,1),(14794,101,11001,1),(14789,101,11010,1),(14790,101,11020,1),(14791,101,11030,1),(14792,101,11040,1),(14793,101,11050,1),(14795,101,11060,1),(14796,101,11061,1),(14797,101,12000,1),(14798,101,12100,1),(14799,101,12110,1),(14800,101,12111,1),(14801,101,12112,1),(14802,101,12113,1),(14803,101,12114,1),(14804,101,12115,1),(14805,101,12300,1),(14781,101,12301,1),(14806,101,12310,1),(14807,101,12311,1),(14808,101,12312,1),(14809,101,12320,1),(14810,101,12400,1),(14811,101,12410,1),(14812,101,12500,1),(14813,101,12510,1),(14814,101,13000,1),(14815,101,13100,1),(14816,101,13110,1),(14817,101,13120,1),(14818,101,13200,1),(14819,101,13210,1),(14820,101,13400,1),(14821,101,13410,1),(14822,101,13411,1),(14823,101,13412,1),(14824,101,13500,1),(14825,101,13510,1),(14826,101,14000,1),(14827,101,14100,1),(14828,101,14110,1),(14829,101,14120,1),(14830,101,14130,1),(14831,101,14140,1),(14832,101,14150,1),(14833,101,14200,1),(14834,101,14210,1),(14835,101,14220,1),(14836,101,14230,1),(14837,101,14300,1),(14838,101,14310,1),(14839,101,20000,1),(14840,101,21000,1),(14841,101,21100,1),(14842,101,21200,1),(14843,101,22000,1),(14844,101,22100,1),(14845,101,22200,1),(14846,101,23000,1),(14847,101,23001,1),(14848,101,23002,1),(14849,101,23003,1),(14850,101,23004,1),(14851,101,23005,1),(14852,101,23006,1),(14853,101,23007,1),(14854,101,23008,1),(14855,101,23009,1),(14856,101,23010,1),(14857,101,23011,1),(14858,101,23012,1),(14859,101,23013,1),(14860,101,23014,1),(14861,101,23015,1),(14862,101,23016,1),(14863,101,23017,1),(14864,101,23018,1),(14865,101,23019,1),(14866,101,23020,1),(14867,101,23021,1),(14868,101,24000,1),(14869,101,24100,1),(14870,101,24110,1),(14871,101,24120,1),(14872,101,24130,1),(14873,101,24140,1),(14874,101,25000,1),(14875,101,25100,1),(14876,101,25200,1),(10203,202,3000,1),(10204,202,3200,1),(10205,202,3210,1),(10206,202,6000,1),(10207,202,6200,1),(10208,202,6210,1),(10209,202,6211,1),(10210,202,6212,1),(10211,202,6213,1),(10212,202,6400,1),(10213,202,6410,1),(10214,202,6413,1),(10215,202,6414,1),(10216,202,6415,1),(10217,202,6416,1),(10218,202,6417,1),(10219,202,6418,1),(10220,202,6421,1),(10221,202,6422,1),(10222,202,6600,1),(10223,202,6610,1),(10224,202,6611,1),(10225,202,6612,1),(10226,202,20000,1),(10227,202,21000,1),(10228,202,21100,1),(10229,202,21200,1),(10230,202,22000,1),(10231,202,22100,1),(10232,202,22200,1),(10233,202,23000,1),(10234,202,23001,1),(10235,202,23002,1),(10236,202,23003,1),(10237,202,23004,1),(10238,202,23005,1),(10239,202,23006,1),(10240,202,23007,1),(10241,202,23008,1),(10242,202,23009,1),(10243,202,23010,1),(10244,202,23011,1),(10245,202,23012,1),(10246,202,23013,1),(10247,202,23014,1),(10248,202,23015,1),(10249,202,23016,1),(10250,202,23017,1),(10251,202,23018,1),(10252,202,23019,1),(10253,202,23020,1),(10254,202,23021,1),(10255,202,24000,1),(10256,202,24100,1),(10257,202,24110,1),(10258,202,24120,1),(10259,202,24130,1),(10260,202,24140,1),(10261,202,25000,1),(10262,202,25100,1),(10263,202,25200,1),(11791,206,3000,1),(11792,206,3100,1),(11793,206,3110,1),(11794,206,3112,1),(11795,206,3113,1),(11796,206,3200,1),(11797,206,3210,1),(11798,206,3400,1),(11799,206,3410,1),(11800,206,3600,1),(11801,206,3610,1),(11802,206,5000,1),(11803,206,5500,1),(11804,206,5510,1),(11805,206,5520,1),(11806,206,5530,1),(11807,206,6000,1),(11808,206,6300,1),(11809,206,6310,1),(11810,206,6311,1),(11811,206,6700,1),(11812,206,6710,1),(11813,206,6711,1),(11814,206,6712,1),(11815,206,6713,1),(11816,206,6800,1),(11817,206,6810,1),(11818,206,6811,1),(11819,206,6900,1),(11820,206,6910,1),(11821,206,6920,1),(11822,206,6930,1),(11823,206,6931,1),(11824,206,9000,1),(11825,206,9100,1),(11826,206,9110,1),(11827,206,9111,1),(11828,206,9114,1),(11829,206,9200,1),(11830,206,9210,1),(11831,206,9211,1),(11832,206,9300,1),(11833,206,9310,1),(11834,206,12301,1),(11835,206,13000,1),(11836,206,13500,1),(11837,206,13510,1),(11838,206,14000,1),(11839,206,14200,1),(11840,206,14210,1),(11841,206,20000,1),(11842,206,21000,1),(11843,206,21100,1),(11844,206,21200,1),(11845,206,22000,1),(11846,206,22100,1),(11847,206,22200,1),(11848,206,23000,1),(11849,206,23001,1),(11850,206,23002,1),(11851,206,23003,1),(11852,206,23004,1),(11853,206,23005,1),(11854,206,23006,1),(11855,206,23007,1),(11856,206,23008,1),(11857,206,23009,1),(11858,206,23010,1),(11859,206,23011,1),(11860,206,23012,1),(11861,206,23013,1),(11862,206,23014,1),(11863,206,23015,1),(11864,206,23016,1),(11865,206,23017,1),(11866,206,23018,1),(11867,206,23019,1),(11868,206,23020,1),(11869,206,23021,1),(11870,206,24000,1),(11871,206,24100,1),(11872,206,24110,1),(11873,206,24120,1),(11874,206,24130,1),(11875,206,24140,1),(11876,206,25000,1),(11877,206,25100,1),(11878,206,25200,1),(14933,207,3000,1),(14934,207,3100,1),(14935,207,3110,1),(14936,207,3112,1),(14937,207,3113,1),(14938,207,3400,1),(14939,207,3410,1),(14940,207,5000,1),(14941,207,5500,1),(14942,207,5510,1),(14943,207,5520,1),(14944,207,9000,1),(14945,207,9100,1),(14946,207,9110,1),(14947,207,9111,1),(14948,207,9112,1),(14949,207,9113,1),(14951,207,9114,1),(14950,207,9116,1),(14952,207,9200,1),(14953,207,9210,1),(14954,207,9211,1),(14955,207,9300,1),(14956,207,9310,1),(14957,207,12301,1),(14958,207,20000,1),(14959,207,21000,1),(14960,207,21100,1),(14961,207,21200,1),(14962,207,22000,1),(14963,207,22100,1),(14964,207,22200,1),(14965,207,23000,1),(14966,207,23001,1),(14967,207,23002,1),(14968,207,23003,1),(14969,207,23004,1),(14970,207,23005,1),(14971,207,23006,1),(14972,207,23007,1),(14973,207,23008,1),(14974,207,23009,1),(14975,207,23010,1),(14976,207,23011,1),(14977,207,23012,1),(14978,207,23013,1),(14979,207,23014,1),(14980,207,23015,1),(14981,207,23016,1),(14982,207,23017,1),(14983,207,23018,1),(14984,207,23019,1),(14985,207,23020,1),(14986,207,23021,1),(14987,207,24000,1),(14988,207,24100,1),(14989,207,24110,1),(14990,207,24120,1),(14991,207,24130,1),(14992,207,24140,1),(14993,207,25000,1),(14994,207,25100,1),(14995,207,25200,1),(14996,208,3000,1),(14997,208,3100,1),(14998,208,3110,1),(14999,208,3111,1),(15000,208,3112,1),(15001,208,3113,1),(15002,208,3200,1),(15003,208,3210,1),(15004,208,3400,1),(15005,208,3410,1),(15006,208,4000,1),(15007,208,4850,1),(15008,208,4851,1),(15009,208,4853,1),(15010,208,5000,1),(15011,208,5500,1),(15012,208,5510,1),(15013,208,5520,1),(15014,208,5530,1),(15015,208,6000,1),(15016,208,6920,1),(15017,208,6930,1),(15018,208,6931,1),(15019,208,13000,1),(15020,208,13200,1),(15021,208,13210,1),(15022,208,13500,1),(15023,208,13510,1),(15024,208,20000,1),(15025,208,21000,1),(15026,208,21100,1),(15027,208,21200,1),(15028,208,22000,1),(15029,208,22100,1),(15030,208,22200,1),(15031,208,23000,1),(15032,208,23001,1),(15033,208,23002,1),(15034,208,23003,1),(15035,208,23004,1),(15036,208,23005,1),(15037,208,23006,1),(15038,208,23007,1),(15039,208,23008,1),(15040,208,23009,1),(15041,208,23010,1),(15042,208,23011,1),(15043,208,23012,1),(15044,208,23013,1),(15045,208,23014,1),(15046,208,23015,1),(15047,208,23016,1),(15048,208,23017,1),(15049,208,23018,1),(15050,208,23019,1),(15051,208,23020,1),(15052,208,23021,1),(15053,208,24000,1),(15054,208,24100,1),(15055,208,24110,1),(15056,208,24120,1),(15057,208,24130,1),(15058,208,24140,1),(15059,208,25000,1),(15060,208,25100,1),(15061,208,25200,1);

/*Table structure for table `auth_user` */

DROP TABLE IF EXISTS `auth_user`;

CREATE TABLE `auth_user` (
  `uid` varchar(30) NOT NULL COMMENT 'uid,用户账号,主键',
  `domain_id` bigint(20) NOT NULL DEFAULT '-1' COMMENT '域ID，一个后台用户只属于一个域',
  `username` varchar(30) DEFAULT NULL COMMENT '用户名(nick_name)',
  `password` varchar(50) DEFAULT NULL COMMENT '密码(MD5(密码+盐))',
  `salt` varchar(20) DEFAULT NULL COMMENT '盐',
  `real_name` varchar(30) DEFAULT NULL COMMENT '用户真名',
  `avatar` varchar(100) DEFAULT NULL COMMENT '头像',
  `status` tinyint(4) DEFAULT '1' COMMENT '账户状态(1.正常 2.锁定 3.删除 4.非法)',
  `create_time` datetime DEFAULT CURRENT_TIMESTAMP COMMENT '创建时间',
  `update_time` datetime DEFAULT NULL COMMENT '更新时间',
  `create_by` varchar(30) DEFAULT NULL COMMENT '创建者',
  `update_by` varchar(30) DEFAULT NULL COMMENT '更新者',
  `remark` varchar(255) DEFAULT NULL COMMENT '备注',
  `parent_user_id` varchar(30) DEFAULT NULL COMMENT '用户上级',
  `secret_key` varchar(20) DEFAULT NULL COMMENT '谷歌验证码密匙',
  `secret_qrcode` varchar(255) DEFAULT NULL,
  PRIMARY KEY (`uid`),
  UNIQUE KEY `auth_user_pk` (`uid`,`domain_id`) USING BTREE
) ENGINE=InnoDB DEFAULT CHARSET=utf8mb4 COMMENT='用户信息表';

/*Data for the table `auth_user` */

insert  into `auth_user`(`uid`,`domain_id`,`username`,`password`,`salt`,`real_name`,`avatar`,`status`,`create_time`,`update_time`,`create_by`,`update_by`,`remark`,`parent_user_id`,`secret_key`,`secret_qrcode`) values ('acheng',1,'acheng','fce03e802ccbf3134ba93d067572bde2','jyj78b','acheng',NULL,1,'2019-06-01 22:08:36','2019-07-13 09:51:41','lb','hb','','ceshi','DBNAZPNJPA3HUDXJ','https://www.google.com/chart?chs=200x200&chld=M%7C0&cht=qr&chl=otpauth://totp/acheng@test%3Fsecret%3DDBNAZPNJPA3HUDXJ'),('admin',1,'admin','a8c2ebf99b34f308eb24a8bd21feb954','ajt935','admin','http://cdn.duitang.com/uploads/item/201408/25/20140825095631_hRJi4.thumb.700_0.jpeg',1,'2019-04-17 16:19:50','2019-05-08 20:21:20','用户自己注册','admin','超级管理员权限，请不要修改这条记录','fx',NULL,NULL),('ceshi',1,'ceshi','d2c737f32140e7401de0b40a961de16b','haftz4','测试',NULL,1,'2019-05-28 02:04:19',NULL,'lb',NULL,'','admin','M756C2ET44MUP6Y2','https://www.google.com/chart?chs=200x200&chld=M%7C0&cht=qr&chl=otpauth://totp/ceshi@test%3Fsecret%3DM756C2ET44MUP6Y2'),('ceshi2',1,'测试2','91f906c3fbeaedb3e78f937407e47d0c','wxslya','测试2',NULL,1,'2019-05-30 00:21:19',NULL,'ceshi',NULL,'','ceshi','IFLK5X3UNBOQNWFN','https://www.google.com/chart?chs=200x200&chld=M%7C0&cht=qr&chl=otpauth://totp/ceshi2@test%3Fsecret%3DIFLK5X3UNBOQNWFN'),('chukuan',1,'出款01','13630d4ef256bd7868d24176f9728d5b','bteazc','出款',NULL,1,'2019-05-31 21:22:34',NULL,'lb',NULL,'','admin','UAOAQBNTLSPJABQN','https://www.google.com/chart?chs=200x200&chld=M%7C0&cht=qr&chl=otpauth://totp/chukuan@test%3Fsecret%3DUAOAQBNTLSPJABQN'),('chukuan22',1,'出款','71dfe2e607330e3540d57d7ec821a3b8','e90b83','出款22',NULL,1,'2019-06-19 08:03:45',NULL,'acheng',NULL,'','acheng','GIQ5JRHHOJ37BQHI','https://www.google.com/chart?chs=200x200&chld=M%7C0&cht=qr&chl=otpauth://totp/chukuan22@test%3Fsecret%3DGIQ5JRHHOJ37BQHI'),('chukuan3',1,'出款','ba59c0d2052daf7565fe68f30ac21915','148164','出款',NULL,1,'2019-06-16 04:59:10',NULL,'ceshi',NULL,'','acheng','XWYQYCOHZZ6X67SX','https://www.google.com/chart?chs=200x200&chld=M%7C0&cht=qr&chl=otpauth://totp/chukuan3@test%3Fsecret%3DXWYQYCOHZZ6X67SX'),('chukuan44',1,'chukuan','1e49150384cd78f8212f85a0f2b153f7','r0qs39','chukuan',NULL,1,'2019-07-13 21:46:18',NULL,'acheng',NULL,'','acheng','PWA26HEKFGB2DNML','https://www.google.com/chart?chs=200x200&chld=M%7C0&cht=qr&chl=otpauth://totp/chukuan44@test%3Fsecret%3DPWA26HEKFGB2DNML'),('david',1,'david','84b3124d626e78f938f7f93848d4e882','ss1ox3','david',NULL,1,'2019-05-29 18:20:27','2019-05-29 18:40:33','lin','lin','1','admin','6KTJU44NSVDE6EYF','https://www.google.com/chart?chs=200x200&chld=M%7C0&cht=qr&chl=otpauth://totp/david@test%3Fsecret%3D6KTJU44NSVDE6EYF'),('fc',1,'fc','e862254704345f5eecfd5548f92a6094','2e1ne6','fuchao',NULL,1,'2019-07-08 10:25:45',NULL,'zzg',NULL,'','zzg','CNAREBPYW5T4HGO6','https://www.google.com/chart?chs=200x200&chld=M%7C0&cht=qr&chl=otpauth://totp/fc@test%3Fsecret%3DCNAREBPYW5T4HGO6'),('fx',1,'fx','dbf9dde47da0c3b6a063e25b590ee4fe','2591x3','fx','',1,'2019-04-17 16:19:50','2019-05-10 15:59:17','用户自己注册','fx',NULL,'fx','MTDDH6PDAUUMYBVN','https://www.google.com/chart?chs=200x200&chld=M%7C0&cht=qr&chl=otpauth://totp/fx@test%3Fsecret%3DMTDDH6PDAUUMYBVN'),('hb',1,'hb','5336b27af372c5552ad068b2ea48443b','kgwa4o','黄',NULL,1,'2019-05-28 21:00:31',NULL,'whr',NULL,'','admin','UVK2TASD5SS5MDXH','https://www.google.com/chart?chs=200x200&chld=M%7C0&cht=qr&chl=otpauth://totp/hb@test%3Fsecret%3DUVK2TASD5SS5MDXH'),('jxd',1,'jxd','68e1bb62aca615f4ab8e1efa7ba6f283','bjnuxz','jxd',NULL,1,'2019-05-30 17:23:50','2019-05-30 18:32:20','用户自己注册','zmf',NULL,'admin','U34D7CSKU5XCW5DA','https://www.google.com/chart?chs=200x200&chld=M%7C0&cht=qr&chl=otpauth://totp/jxd@test%3Fsecret%3DU34D7CSKU5XCW5DA'),('kefu',1,'客服','4cf77c9434718e62a6e1208ab6b5fd8f','a2i6br','客服',NULL,1,'2019-06-03 11:27:59',NULL,'ceshi',NULL,'','acheng','VIJ3ZLALO5Q7IF4S','https://www.google.com/chart?chs=200x200&chld=M%7C0&cht=qr&chl=otpauth://totp/kefu@test%3Fsecret%3DVIJ3ZLALO5Q7IF4S'),('kefu001',1,'kefu001','01cd817b351f3e9ae2924dd7d6d3fdbe','jx6gwo','小武。小雨',NULL,1,'2019-06-18 19:07:19',NULL,'acheng',NULL,'','acheng','7CWZ6XJOIG3F4GEF','https://www.google.com/chart?chs=200x200&chld=M%7C0&cht=qr&chl=otpauth://totp/kefu001@test%3Fsecret%3D7CWZ6XJOIG3F4GEF'),('kefu2',1,'客服2','f9d549d386b55d5892eda421dc7a19a9','i5w8d0','123',NULL,1,'2019-06-06 19:56:15','2019-06-18 19:06:48','ceshi','acheng','','acheng','H3PENGIUVKAAHHCU','https://www.google.com/chart?chs=200x200&chld=M%7C0&cht=qr&chl=otpauth://totp/kefu2@test%3Fsecret%3DH3PENGIUVKAAHHCU'),('lb',1,'lb','7806c1dc46462e6cf7c666cf54cae210','x12ehm','lb',NULL,1,'2019-05-27 14:59:43',NULL,'lin',NULL,'','admin','K2BXHLJWX33X54UE','https://www.google.com/chart?chs=200x200&chld=M%7C0&cht=qr&chl=otpauth://totp/lb@test%3Fsecret%3DK2BXHLJWX33X54UE'),('lin',1,'lin','bfe9e06968ba22b30e072a377cbd3f1a','ajt935','lin',NULL,1,'2019-05-26 20:49:41','2019-05-26 20:49:51','用户自己注册','lin',NULL,'fx','FQEECXLHQLPXHQEM','https://www.google.com/chart?chs=200x200&chld=M%7C0&cht=qr&chl=otpauth://totp/lin@test%3Fsecret%3DFQEECXLHQLPXHQEM'),('ljb',1,'ljb','950f7a180fb3b620e3bf577b679e4664','7hy6wt','ljb',NULL,1,'2019-07-17 10:48:45',NULL,'zmf',NULL,'','fx','2WBVJKNCCYPUXTJE','https://www.google.com/chart?chs=200x200&chld=M%7C0&cht=qr&chl=otpauth://totp/ljb@test%3Fsecret%3D2WBVJKNCCYPUXTJE'),('rukuan',1,'rukuan','a55e366cfee03d0cf1412c5401bda60d','ngpf5o','入款部',NULL,1,'2019-06-18 19:00:02',NULL,'acheng',NULL,'','acheng','77H3ZPFSABZLMSYO','https://www.google.com/chart?chs=200x200&chld=M%7C0&cht=qr&chl=otpauth://totp/rukuan@test%3Fsecret%3D77H3ZPFSABZLMSYO'),('rukuan22',1,'入款','cb66e323a3da0beeb67ec893e0273e64','fnc32s','入款22',NULL,1,'2019-06-19 07:54:09',NULL,'acheng',NULL,'','acheng','6GUC2UURHFBBDPAE','https://www.google.com/chart?chs=200x200&chld=M%7C0&cht=qr&chl=otpauth://totp/rukuan22@test%3Fsecret%3D6GUC2UURHFBBDPAE'),('silence',1,'silence','bfe9e06968ba22b30e072a377cbd3f1a','ajt935','silence',NULL,1,'2019-05-10 14:54:35','2019-05-28 11:51:43','用户自己注册','silence',NULL,'fx','PFYAIGUFFFM7HMAH','https://www.google.com/chart?chs=200x200&chld=M%7C0&cht=qr&chl=otpauth://totp/silence@test%3Fsecret%3DPFYAIGUFFFM7HMAH'),('w',1,'w','e8b959ab2d7fe782d17f91f2d5d47292','45hzeu','邬裕文',NULL,1,'2019-07-22 11:11:19',NULL,'yq',NULL,'','fx','JA2KSI7J6BFPOSWA','https://www.google.com/chart?chs=200x200&chld=M%7C0&cht=qr&chl=otpauth://totp/w@test%3Fsecret%3DJA2KSI7J6BFPOSWA'),('whr',1,'whr','b1b3aad965e77ac236171b3f6b266754','7maml5','whr',NULL,1,'2019-05-28 10:10:04','2019-05-28 10:11:23','用户自己注册','yq',NULL,'admin','GCCZZYXZ76IE76DK','https://www.google.com/chart?chs=200x200&chld=M%7C0&cht=qr&chl=otpauth://totp/whr@test%3Fsecret%3DGCCZZYXZ76IE76DK'),('wr',1,'wr','d85ba17c4e7fe6cf8430ef27e50f8dcf','oais5k','wr','',1,'2019-04-17 16:19:50','2019-05-08 20:21:20','用户自己注册','wr',NULL,'fx','PSU3FZBMXGYNL33U','https://www.google.com/chart?chs=200x200&chld=M%7C0&cht=qr&chl=otpauth://totp/wr@test%3Fsecret%3DPSU3FZBMXGYNL33U'),('wxp',1,'wxp','83ec374d3bb4706b3b30a92dfbf268a7','vmg6q7','wxp',NULL,1,'2019-06-17 14:11:16',NULL,'fx',NULL,'employee wxp','fx','WKND4WANZNJAOQRB','https://www.google.com/chart?chs=200x200&chld=M%7C0&cht=qr&chl=otpauth://totp/wxp@test%3Fsecret%3DWKND4WANZNJAOQRB'),('wys',1,'wys','7dae131bcadb0906f1fa80a7c54422b7','kvolwu','wys',NULL,1,'2019-06-21 17:16:18',NULL,'fx',NULL,'wys','fx','2QSC6V5UO225JVMN','https://www.google.com/chart?chs=200x200&chld=M%7C0&cht=qr&chl=otpauth://totp/wys@test%3Fsecret%3D2QSC6V5UO225JVMN'),('xiaoyan',1,'xiaoyan','e9d2af83a5f3610b48710ab6a76b39eb','h8ckwr','xiaoyan',NULL,1,'2019-06-09 11:41:26','2019-07-12 10:05:55','ceshi','acheng','','acheng','4FX55ESMNOL6XK27','https://www.google.com/chart?chs=200x200&chld=M%7C0&cht=qr&chl=otpauth://totp/xiaoyan@test%3Fsecret%3D4FX55ESMNOL6XK27'),('xsj',1,'xsj','3f82c731cfabc6d846d1fe5d8a9ff377','29mwz3','xsj',NULL,1,'2019-07-16 17:55:40',NULL,'zmf',NULL,'','fx','E6Q2FFO2L3OWQY4X','https://www.google.com/chart?chs=200x200&chld=M%7C0&cht=qr&chl=otpauth://totp/xsj@test%3Fsecret%3DE6Q2FFO2L3OWQY4X'),('yq',1,'yq','bfe9e06968ba22b30e072a377cbd3f1a','ajt935','yq','',1,'2019-04-17 16:19:50','2019-05-08 20:21:20','用户自己注册','yq',NULL,'fx','KJ6VEEG5ZJU6CTXZ','https://www.google.com/chart?chs=200x200&chld=M%7C0&cht=qr&chl=otpauth://totp/yq@test%3Fsecret%3DKJ6VEEG5ZJU6CTXZ'),('yyf',1,'yyf','b4b6d177e8dbba286dd679b24c4953c4','k2r6oi','yangyafei',NULL,1,'2019-05-28 11:53:27','2019-05-28 11:57:52','用户自己注册','yyf','','yq','ALCR5FM7P6UF7B6E','https://www.google.com/chart?chs=200x200&chld=M%7C0&cht=qr&chl=otpauth://totp/yyf@test%3Fsecret%3DALCR5FM7P6UF7B6E'),('zhangsan',1,'张三','285c769d3bcceb140fd338cf877e8e4c','a7pl5j','张三',NULL,1,'2019-05-31 20:49:55','2019-05-31 20:50:43','lb','lb','','admin','7FS2N4V7MJN6JGLR','https://www.google.com/chart?chs=200x200&chld=M%7C0&cht=qr&chl=otpauth://totp/zhangsan@test%3Fsecret%3D7FS2N4V7MJN6JGLR'),('zhaoshang',1,'招商','d6ed8bc4691b3d9cd0103d4c9b015b4f','mx2415','11',NULL,1,'2019-06-02 13:48:29',NULL,'ceshi',NULL,'','ceshi','DMX6JNUQM3PPCRPD','https://www.google.com/chart?chs=200x200&chld=M%7C0&cht=qr&chl=otpauth://totp/zhaoshang@test%3Fsecret%3DDMX6JNUQM3PPCRPD'),('zmf',1,'zmf','bfe9e06968ba22b30e072a377cbd3f1a','ajt935','zmf',NULL,1,'2019-05-23 09:38:13','2019-05-23 17:33:12','用户自己注册','zmf',NULL,'fx','UHFPV6KBXFBZWHU2','https://www.google.com/chart?chs=200x200&chld=M%7C0&cht=qr&chl=otpauth://totp/zmf@test%3Fsecret%3DUHFPV6KBXFBZWHU2'),('zp',1,'zp','295eb0630dd4bc7d9bc2af43d9715893','kht8pt','郑鹏',NULL,1,'2019-07-08 11:47:18',NULL,'zzg',NULL,'','zzg','7J32QM3JI64SH3KG','https://www.google.com/chart?chs=200x200&chld=M%7C0&cht=qr&chl=otpauth://totp/zp@test%3Fsecret%3D7J32QM3JI64SH3KG'),('zzg',1,'zzg','c9f7d79762a6fb27c329b5b8fa612d67','bma6pm','zzg',NULL,1,'2019-06-17 14:05:14',NULL,'fx',NULL,'employee zzg','fx','DDP7P5IR46RJKC64','https://www.google.com/chart?chs=200x200&chld=M%7C0&cht=qr&chl=otpauth://totp/zzg@test%3Fsecret%3DDDP7P5IR46RJKC64'),('zzg1',1,'zzg1','27ffca4ea3c05343566659a32103e949','y7hbg0','邹振光',NULL,1,'2019-07-13 15:17:56',NULL,'fc',NULL,'','admin','BGKPL6HRI3AHZG6B','https://www.google.com/chart?chs=200x200&chld=M%7C0&cht=qr&chl=otpauth://totp/zzg1@test%3Fsecret%3DBGKPL6HRI3AHZG6B');

/*Table structure for table `auth_user_role` */

DROP TABLE IF EXISTS `auth_user_role`;

CREATE TABLE `auth_user_role` (
  `ID` int(11) unsigned NOT NULL AUTO_INCREMENT COMMENT '用户角色关联表主键',
  `USER_ID` varchar(30) DEFAULT NULL COMMENT '用户UID',
  `ROLE_ID` int(11) NOT NULL COMMENT '角色ID',
  `create_time` datetime DEFAULT CURRENT_TIMESTAMP COMMENT '创建时间',
  `update_time` datetime DEFAULT NULL COMMENT '更新时间',
  `domain_id` bigint(20) NOT NULL DEFAULT '-1' COMMENT '子站编号',
  `create_by` varchar(30) DEFAULT NULL COMMENT '创建者',
  `update_by` varchar(30) DEFAULT NULL COMMENT '更新者',
  `remark` varchar(255) DEFAULT NULL COMMENT '备注',
  PRIMARY KEY (`ID`),
  UNIQUE KEY `USER_ID` (`USER_ID`,`ROLE_ID`) USING BTREE
) ENGINE=InnoDB AUTO_INCREMENT=264 DEFAULT CHARSET=utf8mb4 COMMENT='用户角色关联表';

/*Data for the table `auth_user_role` */

insert  into `auth_user_role`(`ID`,`USER_ID`,`ROLE_ID`,`create_time`,`update_time`,`domain_id`,`create_by`,`update_by`,`remark`) values (100,'admin',100,'2019-05-26 20:55:19','2019-05-26 20:55:19',1,'yq','yq','yq'),(106,'fx',101,'2019-05-26 20:55:19','2019-05-26 20:55:19',1,'yq','yq','yq'),(109,'lin',101,'2019-05-26 20:55:19','2019-05-26 20:55:19',1,'yq','yq','yq'),(111,'wr',101,'2019-05-26 20:55:19','2019-05-26 20:55:19',1,'yq','yq','yq'),(113,'yq',101,'2019-05-26 20:55:19','2019-05-26 20:55:19',1,'yq','yq','yq'),(115,'zmf',101,'2019-05-26 20:55:19','2019-05-26 20:55:19',1,'yq','yq','yq'),(116,'lb',101,'2019-05-27 14:59:43','2019-05-27 14:59:43',1,NULL,NULL,NULL),(117,'lb',102,'2019-05-27 14:59:43','2019-05-27 14:59:43',1,NULL,NULL,NULL),(118,'lb',103,'2019-05-27 14:59:43','2019-05-27 14:59:43',1,NULL,NULL,NULL),(119,'lb',200,'2019-05-27 14:59:43','2019-05-27 14:59:43',1,NULL,NULL,NULL),(121,'ceshi',101,'2019-05-28 02:04:19','2019-05-28 02:04:19',1,NULL,NULL,NULL),(122,'whr',101,'2019-05-28 10:11:23','2019-05-28 10:11:23',1,NULL,NULL,NULL),(124,'silence',101,'2019-05-28 11:51:43','2019-05-28 11:51:43',1,NULL,NULL,NULL),(126,'yyf',101,'2019-05-28 11:57:52','2019-05-28 11:57:52',1,NULL,NULL,NULL),(127,'hb',101,'2019-05-28 21:00:31','2019-05-28 21:00:31',1,NULL,NULL,NULL),(132,'david',101,'2019-05-29 18:40:33','2019-05-29 18:40:33',1,NULL,NULL,NULL),(133,'david',102,'2019-05-29 18:40:33','2019-05-29 18:40:33',1,NULL,NULL,NULL),(134,'david',103,'2019-05-29 18:40:33','2019-05-29 18:40:33',1,NULL,NULL,NULL),(135,'david',200,'2019-05-29 18:40:33','2019-05-29 18:40:33',1,NULL,NULL,NULL),(136,'ceshi2',101,'2019-05-30 00:21:19','2019-05-30 00:21:19',1,NULL,NULL,NULL),(137,'ceshi2',102,'2019-05-30 00:21:19','2019-05-30 00:21:19',1,NULL,NULL,NULL),(138,'ceshi2',103,'2019-05-30 00:21:19','2019-05-30 00:21:19',1,NULL,NULL,NULL),(139,'ceshi2',200,'2019-05-30 00:21:19','2019-05-30 00:21:19',1,NULL,NULL,NULL),(140,'jxd',101,'2019-05-30 18:32:20','2019-05-30 18:32:20',1,NULL,NULL,NULL),(141,'jxd',102,'2019-05-30 18:32:20','2019-05-30 18:32:20',1,NULL,NULL,NULL),(142,'jxd',103,'2019-05-30 18:32:20','2019-05-30 18:32:20',1,NULL,NULL,NULL),(143,'jxd',200,'2019-05-30 18:32:20','2019-05-30 18:32:20',1,NULL,NULL,NULL),(147,'zhangsan',202,'2019-05-31 20:50:43','2019-05-31 20:50:43',1,NULL,NULL,NULL),(149,'chukuan',206,'2019-05-31 21:22:34','2019-05-31 21:22:34',1,NULL,NULL,NULL),(151,'zhaoshang',207,'2019-06-02 13:48:29','2019-06-02 13:48:29',1,NULL,NULL,NULL),(152,'kefu',208,'2019-06-03 11:27:59','2019-06-03 11:27:59',1,NULL,NULL,NULL),(157,'chukuan3',206,'2019-06-16 04:59:10','2019-06-16 04:59:10',1,NULL,NULL,NULL),(158,'zzg',208,'2019-06-17 14:05:14','2019-06-17 14:05:14',1,NULL,NULL,NULL),(159,'zzg',101,'2019-06-17 14:05:14','2019-06-17 14:05:14',1,NULL,NULL,NULL),(160,'zzg',102,'2019-06-17 14:05:14','2019-06-17 14:05:14',1,NULL,NULL,NULL),(161,'zzg',103,'2019-06-17 14:05:14','2019-06-17 14:05:14',1,NULL,NULL,NULL),(162,'zzg',200,'2019-06-17 14:05:14','2019-06-17 14:05:14',1,NULL,NULL,NULL),(163,'zzg',201,'2019-06-17 14:05:14','2019-06-17 14:05:14',1,NULL,NULL,NULL),(164,'zzg',202,'2019-06-17 14:05:14','2019-06-17 14:05:14',1,NULL,NULL,NULL),(165,'zzg',206,'2019-06-17 14:05:14','2019-06-17 14:05:14',1,NULL,NULL,NULL),(166,'zzg',207,'2019-06-17 14:05:14','2019-06-17 14:05:14',1,NULL,NULL,NULL),(167,'wxp',208,'2019-06-17 14:11:16','2019-06-17 14:11:16',1,NULL,NULL,NULL),(168,'wxp',101,'2019-06-17 14:11:16','2019-06-17 14:11:16',1,NULL,NULL,NULL),(169,'wxp',102,'2019-06-17 14:11:16','2019-06-17 14:11:16',1,NULL,NULL,NULL),(170,'wxp',103,'2019-06-17 14:11:16','2019-06-17 14:11:16',1,NULL,NULL,NULL),(171,'wxp',200,'2019-06-17 14:11:16','2019-06-17 14:11:16',1,NULL,NULL,NULL),(172,'wxp',201,'2019-06-17 14:11:16','2019-06-17 14:11:16',1,NULL,NULL,NULL),(173,'wxp',202,'2019-06-17 14:11:16','2019-06-17 14:11:16',1,NULL,NULL,NULL),(174,'wxp',206,'2019-06-17 14:11:16','2019-06-17 14:11:16',1,NULL,NULL,NULL),(175,'wxp',207,'2019-06-17 14:11:16','2019-06-17 14:11:16',1,NULL,NULL,NULL),(176,'rukuan',202,'2019-06-18 19:00:02','2019-06-18 19:00:02',1,NULL,NULL,NULL),(178,'kefu2',208,'2019-06-18 19:06:48','2019-06-18 19:06:48',1,NULL,NULL,NULL),(179,'kefu001',208,'2019-06-18 19:07:19','2019-06-18 19:07:19',1,NULL,NULL,NULL),(181,'rukuan22',202,'2019-06-19 07:54:09','2019-06-19 07:54:09',1,NULL,NULL,NULL),(182,'chukuan22',206,'2019-06-19 08:03:45','2019-06-19 08:03:45',1,NULL,NULL,NULL),(194,'wys',208,'2019-06-21 17:16:18','2019-06-21 17:16:18',1,NULL,NULL,NULL),(195,'wys',101,'2019-06-21 17:16:18','2019-06-21 17:16:18',1,NULL,NULL,NULL),(196,'wys',102,'2019-06-21 17:16:18','2019-06-21 17:16:18',1,NULL,NULL,NULL),(197,'wys',103,'2019-06-21 17:16:18','2019-06-21 17:16:18',1,NULL,NULL,NULL),(198,'wys',200,'2019-06-21 17:16:18','2019-06-21 17:16:18',1,NULL,NULL,NULL),(199,'wys',201,'2019-06-21 17:16:18','2019-06-21 17:16:18',1,NULL,NULL,NULL),(200,'wys',202,'2019-06-21 17:16:18','2019-06-21 17:16:18',1,NULL,NULL,NULL),(201,'wys',206,'2019-06-21 17:16:18','2019-06-21 17:16:18',1,NULL,NULL,NULL),(202,'wys',207,'2019-06-21 17:16:18','2019-06-21 17:16:18',1,NULL,NULL,NULL),(203,'fc',208,'2019-07-08 10:25:45','2019-07-08 10:25:45',1,NULL,NULL,NULL),(204,'fc',101,'2019-07-08 10:25:45','2019-07-08 10:25:45',1,NULL,NULL,NULL),(205,'fc',102,'2019-07-08 10:25:45','2019-07-08 10:25:45',1,NULL,NULL,NULL),(206,'fc',103,'2019-07-08 10:25:45','2019-07-08 10:25:45',1,NULL,NULL,NULL),(207,'fc',200,'2019-07-08 10:25:45','2019-07-08 10:25:45',1,NULL,NULL,NULL),(208,'fc',201,'2019-07-08 10:25:45','2019-07-08 10:25:45',1,NULL,NULL,NULL),(209,'fc',202,'2019-07-08 10:25:45','2019-07-08 10:25:45',1,NULL,NULL,NULL),(210,'fc',206,'2019-07-08 10:25:45','2019-07-08 10:25:45',1,NULL,NULL,NULL),(211,'fc',207,'2019-07-08 10:25:45','2019-07-08 10:25:45',1,NULL,NULL,NULL),(212,'zp',208,'2019-07-08 11:47:18','2019-07-08 11:47:18',1,NULL,NULL,NULL),(213,'zp',101,'2019-07-08 11:47:18','2019-07-08 11:47:18',1,NULL,NULL,NULL),(214,'zp',102,'2019-07-08 11:47:18','2019-07-08 11:47:18',1,NULL,NULL,NULL),(215,'zp',103,'2019-07-08 11:47:18','2019-07-08 11:47:18',1,NULL,NULL,NULL),(216,'zp',200,'2019-07-08 11:47:18','2019-07-08 11:47:18',1,NULL,NULL,NULL),(217,'zp',201,'2019-07-08 11:47:18','2019-07-08 11:47:18',1,NULL,NULL,NULL),(218,'zp',202,'2019-07-08 11:47:18','2019-07-08 11:47:18',1,NULL,NULL,NULL),(219,'zp',206,'2019-07-08 11:47:18','2019-07-08 11:47:18',1,NULL,NULL,NULL),(220,'zp',207,'2019-07-08 11:47:18','2019-07-08 11:47:18',1,NULL,NULL,NULL),(240,'xiaoyan',101,'2019-07-12 10:05:55','2019-07-12 10:05:55',1,NULL,NULL,NULL),(241,'acheng',101,'2019-07-13 09:51:41','2019-07-13 09:51:41',1,NULL,NULL,NULL),(246,'acheng',102,'2019-07-13 10:11:15',NULL,1,'hb',NULL,NULL),(248,'zhaoshang',101,'2019-07-13 10:14:42',NULL,1,'hb',NULL,NULL),(251,'zzg1',208,'2019-07-13 15:17:56','2019-07-13 15:17:56',1,NULL,NULL,NULL),(252,'zzg1',101,'2019-07-13 15:17:56','2019-07-13 15:17:56',1,NULL,NULL,NULL),(253,'zzg1',102,'2019-07-13 15:17:56','2019-07-13 15:17:56',1,NULL,NULL,NULL),(254,'zzg1',103,'2019-07-13 15:17:56','2019-07-13 15:17:56',1,NULL,NULL,NULL),(255,'zzg1',200,'2019-07-13 15:17:56','2019-07-13 15:17:56',1,NULL,NULL,NULL),(256,'zzg1',201,'2019-07-13 15:17:56','2019-07-13 15:17:56',1,NULL,NULL,NULL),(257,'zzg1',202,'2019-07-13 15:17:56','2019-07-13 15:17:56',1,NULL,NULL,NULL),(258,'zzg1',206,'2019-07-13 15:17:56','2019-07-13 15:17:56',1,NULL,NULL,NULL),(259,'zzg1',207,'2019-07-13 15:17:56','2019-07-13 15:17:56',1,NULL,NULL,NULL),(260,'chukuan44',206,'2019-07-13 21:46:18','2019-07-13 21:46:18',1,NULL,NULL,NULL),(261,'xsj',101,'2019-07-16 17:55:40','2019-07-16 17:55:40',1,NULL,NULL,NULL),(262,'ljb',101,'2019-07-17 10:48:45','2019-07-17 10:48:45',1,NULL,NULL,NULL),(263,'w',101,'2019-07-22 11:11:19','2019-07-22 11:11:19',1,NULL,NULL,NULL);

/*!40101 SET SQL_MODE=@OLD_SQL_MODE */;
/*!40014 SET FOREIGN_KEY_CHECKS=@OLD_FOREIGN_KEY_CHECKS */;
/*!40014 SET UNIQUE_CHECKS=@OLD_UNIQUE_CHECKS */;
/*!40111 SET SQL_NOTES=@OLD_SQL_NOTES */;
